id,name,first_air_date,popularity,vote_average,vote_count,provider,provider_id,content-type,Action & Adventure,Animation,Comedy,Crime,Documentary,Drama,Family,Kids,Mystery,News,Reality,Sci-Fi & Fantasy,Soap,Talk,War & Politics,Western,Action,Adventure,Fantasy,History,Horror,Music,Romance,Science Fiction,TV Movie,Thriller,War,release_date,ticker,stock_return,market_return,abnormal_return
100088,The Last of Us,2023-01-15,451.8147,8.581,5700,Netflix,8,TV Show,0,0,0,0,0,1,0,0,0,0,0,0,0,0,0,0,0,0,0,0,0,0,0,0,0,0,0,2023-01-15,NFLX,0.03371508526483321,-1.5562598500411053,1.5899749353059385
1416,Grey's Anatomy,2005-03-27,281.2538,8.228,10468,Netflix,8,TV Show,0,0,0,0,0,1,0,0,0,0,0,0,0,0,0,0,0,0,0,0,0,0,0,0,0,0,0,2005-03-27,NFLX,4.8057330642226574,0.6071809708866241,4.198552093336033
79744,The Rookie,2018-10-16,228.0813,8.516,2390,Netflix,8,TV Show,0,0,1,1,0,1,0,0,0,0,0,0,0,0,0,0,0,0,0,0,0,0,0,0,0,0,0,2018-10-16,NFLX,-3.963620297537582,-1.4996830425689123,-2.4639372549686698
60735,The Flash,2014-10-07,195.6986,7.773,11262,Netflix,8,TV Show,0,0,0,0,0,1,0,0,0,0,0,1,0,0,0,0,0,0,0,0,0,0,0,0,0,0,0,2014-10-07,NFLX,-0.9139788596298808,-1.4970787591660764,0.5830998995361956
1622,Supernatural,2005-09-13,194.6585,8.297,7786,Netflix,8,TV Show,0,0,0,0,0,1,0,0,1,0,0,1,0,0,0,0,0,0,0,0,0,0,0,0,0,0,0,2005-09-13,NFLX,-0.6975880026615219,0.5450035147764374,-1.2425915174379591
1399,Game of Thrones,2011-04-17,180.8056,8.5,24898,Netflix,8,TV Show,1,0,0,0,0,1,0,0,0,0,0,1,0,0,0,0,0,0,0,0,0,0,0,0,0,0,0,2011-04-17,NFLX,4.757216976683931,1.9323574804285228,2.824859496255408
2691,Two and a Half Men,2003-09-22,171.0991,7.45,3373,Netflix,8,TV Show,0,0,1,0,0,0,0,0,0,0,0,0,0,0,0,0,0,0,0,0,0,0,0,0,0,0,0,2003-09-22,NFLX,-10.260353971533274,-1.9113810497423809,-8.348972921790892
65334,Miraculous: Tales of Ladybug & Cat Noir,2015-10-19,165.6643,8.049,4457,Netflix,8,TV Show,1,1,0,0,0,0,0,1,0,0,0,0,0,0,0,0,0,0,0,0,0,0,0,0,0,0,0,2015-10-19,NFLX,-4.2973769708580996,0.9268990524043498,-5.224276023262449
4614,NCIS,2003-09-23,167.9212,7.6,2340,Netflix,8,TV Show,1,0,0,1,0,1,0,0,0,0,0,0,0,0,0,0,0,0,0,0,0,0,0,0,0,0,0,2003-09-23,NFLX,-14.413490311419865,-3.127222024115835,-11.286268287304031
42009,Black Mirror,2011-12-04,158.1741,8.3,5433,Netflix,8,TV Show,0,0,0,0,0,1,0,0,1,0,0,1,0,0,0,0,0,0,0,0,0,0,0,0,0,0,0,2011-12-04,NFLX,2.6240663322078923,0.3126335514307197,2.3114327807771726
57243,Doctor Who,2005-03-26,160.6618,7.5,3103,Netflix,8,TV Show,1,0,0,0,0,1,0,0,0,0,0,1,0,0,0,0,0,0,0,0,0,0,0,0,0,0,0,2005-03-26,NFLX,3.2719643244908205,-0.7596181253847573,4.031582449875578
44953,El Señor de los Cielos,2013-04-15,172.8835,7.92,3299,Netflix,8,TV Show,0,0,0,1,0,1,0,0,0,0,0,0,1,0,0,0,0,0,0,0,0,0,0,0,0,0,0,2013-04-15,NFLX,-7.184141242953239,-0.6924940156561334,-6.491647227297106
127532,Solo Leveling,2024-01-07,146.169,8.6,1096,Netflix,8,TV Show,1,1,0,0,0,0,0,0,0,0,0,1,0,0,0,0,0,0,0,0,0,0,0,0,0,0,0,2024-01-07,NFLX,-1.381360374387885,0.4179697470102186,-1.7993301213981037
46952,The Blacklist,2013-09-23,148.0615,7.633,3254,Netflix,8,TV Show,0,0,0,1,0,1,0,0,1,0,0,0,0,0,0,0,0,0,0,0,0,0,0,0,0,0,0,2013-09-23,NFLX,3.7975132300999928,-0.18626439257889035,3.983777622678883
78191,You,2018-09-09,141.8892,8.044,3360,Netflix,8,TV Show,0,0,0,0,0,1,0,0,0,0,0,0,0,0,0,0,0,0,0,0,0,0,0,0,0,0,0,2018-09-09,NFLX,6.1823737316714755,0.4097847348822085,5.772588996789267
71790,S.W.A.T.,2017-11-02,137.2258,8.099,1463,Netflix,8,TV Show,1,0,0,1,0,1,0,0,0,0,0,0,0,0,0,0,0,0,0,0,0,0,0,0,0,0,0,2017-11-02,NFLX,0.3461705585304528,0.309707538497441,0.03646302003301183
32798,Hawaii Five-0,2010-09-20,138.0731,7.758,1761,Netflix,8,TV Show,1,0,0,1,0,1,0,0,0,0,0,0,0,0,0,0,0,0,0,0,0,0,0,0,0,0,0,2010-09-20,NFLX,12.30317160483399,-1.56470193610139,13.86787354093538
83867,Andor,2022-09-21,134.8544,8.225,1397,Netflix,8,TV Show,1,0,0,0,0,1,0,0,0,0,0,1,0,0,0,0,0,0,0,0,0,0,0,0,0,0,0,2022-09-21,NFLX,-4.415920830286343,-2.551497070290545,-1.8644237599957978
37606,The Amazing World of Gumball,2011-05-03,134.2968,8.493,1490,Netflix,8,TV Show,0,1,1,0,0,0,1,0,0,0,0,1,0,0,0,0,0,0,0,0,0,0,0,0,0,0,0,2011-05-03,NFLX,-0.7654386852261154,-1.2103642880403,0.4449256028141847
1405,Dexter,2006-10-01,126.6542,8.2,4613,Netflix,8,TV Show,0,0,0,1,0,1,0,0,1,0,0,0,0,0,0,0,0,0,0,0,0,0,0,0,0,0,0,2006-10-01,NFLX,1.709801186572142,1.418141817482631,0.29165936908951107
1911,Bones,2005-09-13,125.5887,8.221,3253,Netflix,8,TV Show,0,0,0,1,0,1,0,0,0,0,0,0,0,0,0,0,0,0,0,0,0,0,0,0,0,0,0,2005-09-13,NFLX,-0.6975880026615219,0.5450035147764374,-1.2425915174379591
67136,This Is Us,2016-09-20,128.7318,8.239,1492,Netflix,8,TV Show,0,0,0,0,0,1,0,0,0,0,0,0,0,0,0,0,0,0,0,0,0,0,0,0,0,0,0,2016-09-20,NFLX,-2.3511425532760812,1.1650807346079741,-3.5162232878840554
17610,NCIS: Los Angeles,2009-09-22,121.5331,7.536,1178,Netflix,8,TV Show,1,0,0,1,0,1,0,0,1,0,0,0,0,0,0,0,0,0,0,0,0,0,0,0,0,0,0,2009-09-22,NFLX,-3.0798247221247057,-2.5455861398952666,-0.5342385822294391
4057,Criminal Minds,2005-09-22,124.948,8.312,3817,Netflix,8,TV Show,0,0,0,1,0,1,0,0,1,0,0,0,0,0,0,0,0,0,0,0,0,0,0,0,0,0,0,2005-09-22,NFLX,2.3285246906597368,0.05516490326242765,2.2733597873973093
2316,The Office,2005-03-24,131.7228,8.579,4471,Netflix,8,TV Show,0,0,1,0,0,0,0,0,0,0,0,0,0,0,0,0,0,0,0,0,0,0,0,0,0,0,0,2005-03-24,NFLX,-1.741017446313431,-0.09466583574222476,-1.6463516105712062
34307,Shameless,2011-01-09,120.0409,8.161,2874,Netflix,8,TV Show,0,0,1,0,0,1,0,0,0,0,0,0,0,0,0,0,0,0,0,0,0,0,0,0,0,0,0,2011-01-09,NFLX,0.542897933397717,1.2766261813349085,-0.7337282479371915
1396,Breaking Bad,2008-01-20,119.1338,8.924,15439,Netflix,8,TV Show,0,0,0,1,0,1,0,0,0,0,0,0,0,0,0,0,0,0,0,0,0,0,0,0,0,0,0,2008-01-20,NFLX,6.882606564158467,2.1442179004912245,4.7383886636672425
2288,Prison Break,2005-08-29,116.7391,8.08,5388,Netflix,8,TV Show,1,0,0,1,0,1,0,0,0,0,0,0,0,0,0,0,0,0,0,0,0,0,0,0,0,0,0,2005-08-29,NFLX,-2.2333614378904,0.7679691406644126,-3.0013305785548123
73586,Yellowstone,2018-06-20,113.153,8.252,2727,Netflix,8,TV Show,0,0,0,0,0,1,0,0,0,0,0,0,0,0,0,1,0,0,0,0,0,0,0,0,0,0,0,2018-06-20,NFLX,-1.3604984391192052,-0.44953909340346926,-0.9109593457157359
18165,The Vampire Diaries,2009-09-10,107.1713,8.318,9162,Netflix,8,TV Show,0,0,0,0,0,1,0,0,0,0,0,1,0,0,0,0,0,0,0,0,0,0,0,0,0,0,0,2009-09-10,NFLX,-1.9310325988455457,-0.13504263412050724,-1.7959899647250384
5920,The Mentalist,2008-09-23,120.8285,8.4,3901,Netflix,8,TV Show,0,0,0,1,0,1,0,0,1,0,0,0,0,0,0,0,0,0,0,0,0,0,0,0,0,0,0,2008-09-23,NFLX,4.249912027856364,2.108199613351198,2.1417124145051654
69478,The Handmaid's Tale,2017-04-26,108.7738,8.179,2857,Netflix,8,TV Show,0,0,0,0,0,1,0,0,0,0,0,1,0,0,0,0,0,0,0,0,0,0,0,0,0,0,0,2017-04-26,NFLX,1.3518004954711869,-0.13612850809311183,1.4879290035642987
1433,American Dad!,2005-02-06,116.3339,6.972,2190,Netflix,8,TV Show,0,1,1,0,0,0,0,0,0,0,0,0,0,0,0,0,0,0,0,0,0,0,0,0,0,0,0,2005-02-06,NFLX,-0.520415188651682,-0.8096711967811436,0.2892560081294616
31132,Regular Show,2010-09-06,108.3854,8.633,2083,Netflix,8,TV Show,0,1,1,0,0,0,0,0,0,0,0,0,0,0,0,0,0,0,0,0,0,0,0,0,0,0,0,2010-09-06,NFLX,2.7434907608673136,1.130210312584935,1.6132804482823786
1402,The Walking Dead,2010-10-31,105.7678,8.1,16913,Netflix,8,TV Show,1,0,0,0,0,1,0,0,0,0,0,1,0,0,0,0,0,0,0,0,0,0,0,0,0,0,0,2010-10-31,NFLX,2.4436877449299703,1.1465877504434194,1.297099994486551
1421,Modern Family,2009-09-23,102.8817,7.873,2935,Netflix,8,TV Show,0,0,1,0,0,0,0,0,0,0,0,0,0,0,0,0,0,0,0,0,0,0,0,0,0,0,0,2009-09-23,NFLX,-1.259338706112837,-1.5543836954832018,0.29504498937036483
37680,Suits,2011-06-23,100.6148,8.226,5252,Netflix,8,TV Show,0,0,0,0,0,1,0,0,0,0,0,0,0,0,0,0,0,0,0,0,0,0,0,0,0,0,0,2011-06-23,NFLX,0.48490601206391276,-1.1725787945559019,1.6574848066198147
71712,The Good Doctor,2017-09-25,104.1418,8.477,12531,Netflix,8,TV Show,0,0,0,0,0,1,0,0,0,0,0,0,0,0,0,0,0,0,0,0,0,0,0,0,0,0,0,2017-09-25,NFLX,1.204141058379673,0.536722940092129,0.667418118287544
63174,Lucifer,2016-01-25,101.2828,8.45,14955,Netflix,8,TV Show,0,0,0,1,0,0,0,0,0,0,0,1,0,0,0,0,0,0,0,0,0,0,0,0,0,0,0,2016-01-25,NFLX,-4.751814925302826,0.8673061179073552,-5.619121043210181
44217,Vikings,2013-03-03,99.4101,8.097,7143,Netflix,8,TV Show,1,0,0,0,0,1,0,0,0,0,0,0,0,0,1,0,0,0,0,0,0,0,0,0,0,0,0,2013-03-03,NFLX,0.9547005898329232,1.066090367569954,-0.11138977773703085
2710,It's Always Sunny in Philadelphia,2005-08-04,102.5455,8.283,1148,Netflix,8,TV Show,0,0,1,0,0,0,0,0,0,0,0,0,0,0,0,0,0,0,0,0,0,0,0,0,0,0,0,2005-08-04,NFLX,1.5988417106115265,-0.7638358323871648,2.362677542998691
95557,INVINCIBLE,2021-03-25,94.8963,8.636,4924,Netflix,8,TV Show,1,1,0,0,0,1,0,0,0,0,0,1,0,0,0,0,0,0,0,0,0,0,0,0,0,0,0,2021-03-25,NFLX,1.0320969241125408,1.6631202604519693,-0.6310233363394284
1403,Marvel's Agents of S.H.I.E.L.D.,2013-09-24,96.4415,7.5,3569,Netflix,8,TV Show,1,0,0,0,0,1,0,0,0,0,0,1,0,0,0,0,0,0,0,0,0,0,0,0,0,0,0,2013-09-24,NFLX,1.9282809544835644,-0.33403894136501533,2.26231989584858
34524,Teen Wolf,2011-06-05,93.8854,8.468,4385,Netflix,8,TV Show,0,0,1,0,0,1,0,0,0,0,0,1,0,0,0,0,0,0,0,0,0,0,0,0,0,0,0,2011-06-05,NFLX,-0.12566899571578347,-0.5139277953703884,0.38825879965460486
71728,Young Sheldon,2017-09-25,90.3242,8.049,2689,Netflix,8,TV Show,0,0,1,0,0,1,1,0,0,0,0,0,0,0,0,0,0,0,0,0,0,0,0,0,0,0,0,2017-09-25,NFLX,1.204141058379673,0.536722940092129,0.667418118287544
4194,Star Wars: The Clone Wars,2008-10-03,90.4403,8.461,2110,Netflix,8,TV Show,1,1,0,0,0,0,0,0,0,0,0,1,0,0,0,0,0,0,0,0,0,0,0,0,0,0,0,2008-10-03,NFLX,-8.560558262662555,-3.851784119121029,-4.708774143541526
1620,CSI: Miami,2002-09-23,86.6312,7.7,1620,Netflix,8,TV Show,0,0,0,1,0,1,0,0,1,0,0,0,0,0,0,0,0,0,0,0,0,0,0,0,0,0,0,2002-09-23,NFLX,10.04007440474445,2.548878456142211,7.49119594860224
44006,Chicago Fire,2012-10-10,93.5526,8.411,2250,Netflix,8,TV Show,0,0,0,0,0,1,0,0,0,0,0,0,0,0,0,0,0,0,0,0,0,0,0,0,0,0,0,2012-10-10,NFLX,-1.786269746371568,-0.2771327281967277,-1.5091370181748403
1100,How I Met Your Mother,2005-09-19,91.6588,8.146,5190,Netflix,8,TV Show,0,0,1,0,0,0,0,0,0,0,0,0,0,0,0,0,0,0,0,0,0,0,0,0,0,0,0,2005-09-19,NFLX,1.5040809532135901,-1.332230520532666,2.8363114737462563
31917,Pretty Little Liars,2010-06-08,90.813,7.984,2652,Netflix,8,TV Show,0,0,0,0,0,1,0,0,1,0,0,0,0,0,0,0,0,0,0,0,0,0,0,0,0,0,0,2010-06-08,NFLX,9.39000872266664,2.78719167475871,6.602817047907929
4194,Star Wars: The Clone Wars,2008-10-03,90.4403,8.461,2110,Netflix,8,TV Show,1,1,0,0,0,0,0,0,0,0,0,1,0,0,0,0,0,0,0,0,0,0,0,0,0,0,0,2008-10-03,NFLX,-8.560558262662555,-3.851784119121029,-4.708774143541526
71728,Young Sheldon,2017-09-25,90.3242,8.049,2689,Netflix,8,TV Show,0,0,1,0,0,1,1,0,0,0,0,0,0,0,0,0,0,0,0,0,0,0,0,0,0,0,0,2017-09-25,NFLX,1.204141058379673,0.536722940092129,0.667418118287544
15260,Adventure Time,2010-04-05,85.8204,8.496,2846,Netflix,8,TV Show,0,1,1,0,0,0,0,0,0,0,0,1,0,0,0,0,0,0,0,0,0,0,0,0,0,0,0,2010-04-05,NFLX,2.3002817172232075,-0.08421478553397233,2.38449650275718
48891,Brooklyn Nine-Nine,2013-09-17,88.5908,8.21,3536,Netflix,8,TV Show,0,0,1,1,0,0,0,0,0,0,0,0,0,0,0,0,0,0,0,0,0,0,0,0,0,0,0,2013-09-17,NFLX,4.7671438419218015,0.3020967399845647,4.465047101937237
111803,The White Lotus,2021-07-11,84.3288,7.622,1049,Netflix,8,TV Show,0,0,1,0,0,1,0,0,1,0,0,0,0,0,0,0,0,0,0,0,0,0,0,0,0,0,0,2021-07-11,NFLX,1.9802376089749205,-0.2355974939981438,2.2158351029730645
111803,The White Lotus,2021-07-11,84.3288,7.622,1049,Netflix,8,TV Show,0,0,1,0,0,1,0,0,1,0,0,0,0,0,0,0,0,0,0,0,0,0,0,0,0,0,0,2021-07-11,NFLX,1.9802376089749205,-0.2355974939981438,2.2158351029730645
61923,Star vs. the Forces of Evil,2015-01-18,82.8478,8.362,1413,Netflix,8,TV Show,1,1,1,0,0,0,1,0,0,0,0,1,0,0,0,0,0,0,0,0,0,0,0,0,0,0,0,2015-01-18,NFLX,17.339448354308644,0.4731623968765258,16.86628595743212
39351,Grimm,2011-10-28,82.0229,8.265,3304,Netflix,8,TV Show,0,0,0,0,0,1,0,0,1,0,0,1,0,0,0,0,0,0,0,0,0,0,0,0,0,0,0,2011-10-28,NFLX,-2.4483087911631047,-2.473750308360319,0.025441517197214214
74016,The Resident,2018-01-21,82.3444,8.419,1241,Netflix,8,TV Show,0,0,0,0,0,1,0,0,0,0,0,0,0,0,0,0,0,0,0,0,0,0,0,0,0,0,0,2018-01-21,NFLX,14.816761442398743,0.1613172185598825,14.655444223838861
108978,Reacher,2022-02-03,76.6448,8.11,2271,Netflix,8,TV Show,1,0,0,1,0,1,0,0,0,0,0,0,0,0,0,0,0,0,0,0,0,0,0,0,0,0,0,2022-02-03,NFLX,1.126727627083026,0.5156929864423389,0.6110346406406871
76479,The Boys,2019-07-25,77.3852,8.5,10946,Netflix,8,TV Show,1,0,0,0,0,0,0,0,0,0,0,1,0,0,0,0,0,0,0,0,0,0,0,0,0,0,0,2019-07-25,NFLX,2.85486968331959,0.7387691099234726,2.1161005733961176
1418,The Big Bang Theory,2007-09-24,78.7303,7.908,11663,Netflix,8,TV Show,0,0,1,0,0,0,0,0,0,0,0,0,0,0,0,0,0,0,0,0,0,0,0,0,0,0,0,2007-09-24,NFLX,10.730979342813503,0.8993710732291589,9.831608269584345
77169,Cobra Kai,2018-05-02,74.4391,8.213,6580,Netflix,8,TV Show,1,0,1,0,0,1,0,0,0,0,0,0,0,0,0,0,0,0,0,0,0,0,0,0,0,0,0,2018-05-02,NFLX,2.1476931647088384,1.0528632500483526,1.0948299146604858
1419,Castle,2009-03-09,76.8312,7.995,1926,Netflix,8,TV Show,0,0,0,1,0,1,0,0,0,0,0,0,0,0,0,0,0,0,0,0,0,0,0,0,0,0,0,2009-03-09,NFLX,3.7921992215243256,10.969204281238959,-7.177005059714633
39272,Once Upon a Time,2011-10-23,75.0714,7.378,2313,Netflix,8,TV Show,0,0,0,0,0,1,0,0,0,0,0,1,0,0,0,0,0,0,0,0,0,0,0,0,0,0,0,2011-10-23,NFLX,-33.187475620475745,-0.971937423814939,-32.21553819666081
95479,Jujutsu Kaisen,2020-10-03,65.7763,8.58,3831,Netflix,8,TV Show,1,1,0,0,0,0,0,0,0,0,0,1,0,0,0,0,0,0,0,0,0,0,0,0,0,0,0,2020-10-03,NFLX,-2.8387647371203695,-1.397351569222668,-1.4414131678977016
100088,The Last of Us,2023-01-15,451.8147,8.581,5700,Disney+,337,TV Show,0,0,0,0,0,1,0,0,0,0,0,0,0,0,0,0,0,0,0,0,0,0,0,0,0,0,0,2023-01-15,DIS,-0.8707905515336666,-1.5562598500411053,0.6854692985074388
1416,Grey's Anatomy,2005-03-27,281.2538,8.228,10468,Disney+,337,TV Show,0,0,0,0,0,1,0,0,0,0,0,0,0,0,0,0,0,0,0,0,0,0,0,0,0,0,0,2005-03-27,DIS,0.638997271534837,0.6071809708866241,0.031816300648212836
79744,The Rookie,2018-10-16,228.0813,8.516,2390,Disney+,337,TV Show,0,0,1,1,0,1,0,0,0,0,0,0,0,0,0,0,0,0,0,0,0,0,0,0,0,0,0,2018-10-16,DIS,2.332391743246298,-1.4996830425689123,3.8320747858152107
60735,The Flash,2014-10-07,195.6986,7.773,11262,Disney+,337,TV Show,0,0,0,0,0,1,0,0,0,0,0,1,0,0,0,0,0,0,0,0,0,0,0,0,0,0,0,2014-10-07,DIS,-0.964309786108436,-1.4970787591660764,0.5327689730576404
1622,Supernatural,2005-09-13,194.6585,8.297,7786,Disney+,337,TV Show,0,0,0,0,0,1,0,0,1,0,0,1,0,0,0,0,0,0,0,0,0,0,0,0,0,0,0,2005-09-13,DIS,-2.8214432408623806,0.5450035147764374,-3.366446755638818
1399,Game of Thrones,2011-04-17,180.8056,8.5,24898,Disney+,337,TV Show,1,0,0,0,0,1,0,0,0,0,0,1,0,0,0,0,0,0,0,0,0,0,0,0,0,0,0,2011-04-17,DIS,2.0388311792686062,1.9323574804285228,0.1064736988400834
2691,Two and a Half Men,2003-09-22,171.0991,7.45,3373,Disney+,337,TV Show,0,0,1,0,0,0,0,0,0,0,0,0,0,0,0,0,0,0,0,0,0,0,0,0,0,0,0,2003-09-22,DIS,1.4992433330966763,-1.9113810497423809,3.4106243828390572
65334,Miraculous: Tales of Ladybug & Cat Noir,2015-10-19,165.6643,8.049,4457,Disney+,337,TV Show,1,1,0,0,0,0,0,1,0,0,0,0,0,0,0,0,0,0,0,0,0,0,0,0,0,0,0,2015-10-19,DIS,3.4529853032267877,0.9268990524043498,2.5260862508224378
4614,NCIS,2003-09-23,167.9212,7.6,2340,Disney+,337,TV Show,1,0,0,1,0,1,0,0,0,0,0,0,0,0,0,0,0,0,0,0,0,0,0,0,0,0,0,2003-09-23,DIS,-0.5940398161005547,-3.127222024115835,2.53318220801528
42009,Black Mirror,2011-12-04,158.1741,8.3,5433,Disney+,337,TV Show,0,0,0,0,0,1,0,0,1,0,0,1,0,0,0,0,0,0,0,0,0,0,0,0,0,0,0,2011-12-04,DIS,0.43311650003971314,0.3126335514307197,0.12048294860899345
57243,Doctor Who,2005-03-26,160.6618,7.5,3103,Disney+,337,TV Show,1,0,0,0,0,1,0,0,0,0,0,1,0,0,0,0,0,0,0,0,0,0,0,0,0,0,0,2005-03-26,DIS,-0.9584536958297007,-0.7596181253847573,-0.1988355704449435
44953,El Señor de los Cielos,2013-04-15,172.8835,7.92,3299,Disney+,337,TV Show,0,0,0,1,0,1,0,0,0,0,0,0,1,0,0,0,0,0,0,0,0,0,0,0,0,0,0,2013-04-15,DIS,1.8851922943035522,-0.6924940156561334,2.5776863099596854
127532,Solo Leveling,2024-01-07,146.169,8.6,1096,Disney+,337,TV Show,1,1,0,0,0,0,0,0,0,0,0,1,0,0,0,0,0,0,0,0,0,0,0,0,0,0,0,2024-01-07,DIS,-2.4685999023532266,0.4179697470102186,-2.8865696493634454
46952,The Blacklist,2013-09-23,148.0615,7.633,3254,Disney+,337,TV Show,0,0,0,1,0,1,0,0,1,0,0,0,0,0,0,0,0,0,0,0,0,0,0,0,0,0,0,2013-09-23,DIS,0.7567599058499852,-0.18626439257889035,0.9430242984288756
78191,You,2018-09-09,141.8892,8.044,3360,Disney+,337,TV Show,0,0,0,0,0,1,0,0,0,0,0,0,0,0,0,0,0,0,0,0,0,0,0,0,0,0,0,2018-09-09,DIS,-1.1022819626283784,0.4097847348822085,-1.512066697510587
71790,S.W.A.T.,2017-11-02,137.2258,8.099,1463,Disney+,337,TV Show,1,0,0,1,0,1,0,0,0,0,0,0,0,0,0,0,0,0,0,0,0,0,0,0,0,0,0,2017-11-02,DIS,0.29487111965146207,0.309707538497441,-0.014836418845978916
32798,Hawaii Five-0,2010-09-20,138.0731,7.758,1761,Disney+,337,TV Show,1,0,0,1,0,1,0,0,0,0,0,0,0,0,0,0,0,0,0,0,0,0,0,0,0,0,0,2010-09-20,DIS,-5.100299422402315,-1.56470193610139,-3.5355974863009245
83867,Andor,2022-09-21,134.8544,8.225,1397,Disney+,337,TV Show,1,0,0,0,0,1,0,0,0,0,0,1,0,0,0,0,0,0,0,0,0,0,0,0,0,0,0,2022-09-21,DIS,-4.775569654919565,-2.551497070290545,-2.22407258462902
37606,The Amazing World of Gumball,2011-05-03,134.2968,8.493,1490,Disney+,337,TV Show,0,1,1,0,0,0,1,0,0,0,0,1,0,0,0,0,0,0,0,0,0,0,0,0,0,0,0,2011-05-03,DIS,-0.02321640006500592,-1.2103642880403,1.1871478879752941
1405,Dexter,2006-10-01,126.6542,8.2,4613,Disney+,337,TV Show,0,0,0,1,0,1,0,0,1,0,0,0,0,0,0,0,0,0,0,0,0,0,0,0,0,0,0,2006-10-01,DIS,2.1617883981836195,1.418141817482631,0.7436465807009884
1911,Bones,2005-09-13,125.5887,8.221,3253,Disney+,337,TV Show,0,0,0,1,0,1,0,0,0,0,0,0,0,0,0,0,0,0,0,0,0,0,0,0,0,0,0,2005-09-13,DIS,-2.8214432408623806,0.5450035147764374,-3.366446755638818
67136,This Is Us,2016-09-20,128.7318,8.239,1492,Disney+,337,TV Show,0,0,0,0,0,1,0,0,0,0,0,0,0,0,0,0,0,0,0,0,0,0,0,0,0,0,0,2016-09-20,DIS,0.3442716440728563,1.1650807346079741,-0.8208090905351177
1431,CSI: Crime Scene Investigation,2000-10-06,125.3418,7.636,1280,Disney+,337,TV Show,0,0,0,1,0,1,0,0,1,0,0,0,0,0,0,0,0,0,0,0,0,0,0,0,0,0,0,2000-10-06,DIS,0.6144633588938053,-0.4939680896059639,1.1084314484997693
17610,NCIS: Los Angeles,2009-09-22,121.5331,7.536,1178,Disney+,337,TV Show,1,0,0,1,0,1,0,0,1,0,0,0,0,0,0,0,0,0,0,0,0,0,0,0,0,0,0,2009-09-22,DIS,-2.67793650542817,-2.5455861398952666,-0.13235036553290325
4057,Criminal Minds,2005-09-22,124.948,8.312,3817,Disney+,337,TV Show,0,0,0,1,0,1,0,0,1,0,0,0,0,0,0,0,0,0,0,0,0,0,0,0,0,0,0,2005-09-22,DIS,-0.04303886755771319,0.05516490326242765,-0.09820377082014084
2316,The Office,2005-03-24,131.7228,8.579,4471,Disney+,337,TV Show,0,0,1,0,0,0,0,0,0,0,0,0,0,0,0,0,0,0,0,0,0,0,0,0,0,0,0,2005-03-24,DIS,-0.10800324043964693,-0.09466583574222476,-0.013337404697422173
34307,Shameless,2011-01-09,120.0409,8.161,2874,Disney+,337,TV Show,0,0,1,0,0,1,0,0,0,0,0,0,0,0,0,0,0,0,0,0,0,0,0,0,0,0,0,2011-01-09,DIS,-0.8354294755249607,1.2766261813349085,-2.1120556568598694
1396,Breaking Bad,2008-01-20,119.1338,8.924,15439,Disney+,337,TV Show,0,0,0,1,0,1,0,0,0,0,0,0,0,0,0,0,0,0,0,0,0,0,0,0,0,0,0,2008-01-20,DIS,1.4225027731564124,2.1442179004912245,-0.7217151273348121
2288,Prison Break,2005-08-29,116.7391,8.08,5388,Disney+,337,TV Show,1,0,0,1,0,1,0,0,0,0,0,0,0,0,0,0,0,0,0,0,0,0,0,0,0,0,0,2005-08-29,DIS,-2.6035361071299947,0.7679691406644126,-3.371505247794407
73586,Yellowstone,2018-06-20,113.153,8.252,2727,Disney+,337,TV Show,0,0,0,0,0,1,0,0,0,0,0,0,0,0,0,1,0,0,0,0,0,0,0,0,0,0,0,2018-06-20,DIS,-0.7559475772380092,-0.44953909340346926,-0.30640848383453995
18165,The Vampire Diaries,2009-09-10,107.1713,8.318,9162,Disney+,337,TV Show,0,0,0,0,0,1,0,0,0,0,0,1,0,0,0,0,0,0,0,0,0,0,0,0,0,0,0,2009-09-10,DIS,0.21154741298980975,-0.13504263412050724,0.346590047110317
5920,The Mentalist,2008-09-23,120.8285,8.4,3901,Disney+,337,TV Show,0,0,0,1,0,1,0,0,1,0,0,0,0,0,0,0,0,0,0,0,0,0,0,0,0,0,0,2008-09-23,DIS,0.6762763896504482,2.108199613351198,-1.43192322370075
69478,The Handmaid's Tale,2017-04-26,108.7738,8.179,2857,Disney+,337,TV Show,0,0,0,0,0,1,0,0,0,0,0,1,0,0,0,0,0,0,0,0,0,0,0,0,0,0,0,2017-04-26,DIS,0.0172990737703265,-0.13612850809311183,0.15342758186343833
1433,American Dad!,2005-02-06,116.3339,6.972,2190,Disney+,337,TV Show,0,1,1,0,0,0,0,0,0,0,0,0,0,0,0,0,0,0,0,0,0,0,0,0,0,0,0,2005-02-06,DIS,-1.773760352367509,-0.8096711967811436,-0.9640891555863653
31132,Regular Show,2010-09-06,108.3854,8.633,2083,Disney+,337,TV Show,0,1,1,0,0,0,0,0,0,0,0,0,0,0,0,0,0,0,0,0,0,0,0,0,0,0,0,2010-09-06,DIS,0.709223435581721,1.130210312584935,-0.420986877003214
1402,The Walking Dead,2010-10-31,105.7678,8.1,16913,Disney+,337,TV Show,1,0,0,0,0,1,0,0,0,0,0,1,0,0,0,0,0,0,0,0,0,0,0,0,0,0,0,2010-10-31,DIS,0.7216122068404264,1.1465877504434194,-0.42497554360299306
1421,Modern Family,2009-09-23,102.8817,7.873,2935,Disney+,337,TV Show,0,0,1,0,0,0,0,0,0,0,0,0,0,0,0,0,0,0,0,0,0,0,0,0,0,0,0,2009-09-23,DIS,-1.6381745564393573,-1.5543836954832018,-0.08379086095615551
37680,Suits,2011-06-23,100.6148,8.226,5252,Disney+,337,TV Show,0,0,0,0,0,1,0,0,0,0,0,0,0,0,0,0,0,0,0,0,0,0,0,0,0,0,0,2011-06-23,DIS,-0.6345638420137574,-1.1725787945559019,0.5380149525421445
71712,The Good Doctor,2017-09-25,104.1418,8.477,12531,Disney+,337,TV Show,0,0,0,0,0,1,0,0,0,0,0,0,0,0,0,0,0,0,0,0,0,0,0,0,0,0,0,2017-09-25,DIS,-1.5265644813487929,0.536722940092129,-2.063287421440922
63174,Lucifer,2016-01-25,101.2828,8.45,14955,Disney+,337,TV Show,0,0,0,1,0,0,0,0,0,0,0,1,0,0,0,0,0,0,0,0,0,0,0,0,0,0,0,2016-01-25,DIS,-1.8469936266245304,0.8673061179073552,-2.7142997445318855
44217,Vikings,2013-03-03,99.4101,8.097,7143,Disney+,337,TV Show,1,0,0,0,0,1,0,0,0,0,0,0,0,0,1,0,0,0,0,0,0,0,0,0,0,0,0,2013-03-03,DIS,1.003585217157092,1.066090367569954,-0.06250515041286198
2710,It's Always Sunny in Philadelphia,2005-08-04,102.5455,8.283,1148,Disney+,337,TV Show,0,0,1,0,0,0,0,0,0,0,0,0,0,0,0,0,0,0,0,0,0,0,0,0,0,0,0,2005-08-04,DIS,-0.5464463120768367,-0.7638358323871648,0.2173895203103281
95557,INVINCIBLE,2021-03-25,94.8963,8.636,4924,Disney+,337,TV Show,1,1,0,0,0,1,0,0,0,0,0,1,0,0,0,0,0,0,0,0,0,0,0,0,0,0,0,2021-03-25,DIS,-0.5296591959441501,1.6631202604519693,-2.1927794563961194
1403,Marvel's Agents of S.H.I.E.L.D.,2013-09-24,96.4415,7.5,3569,Disney+,337,TV Show,1,0,0,0,0,1,0,0,0,0,0,1,0,0,0,0,0,0,0,0,0,0,0,0,0,0,0,2013-09-24,DIS,1.35262208727967,-0.33403894136501533,1.6866610286446853
34524,Teen Wolf,2011-06-05,93.8854,8.468,4385,Disney+,337,TV Show,0,0,1,0,0,1,0,0,0,0,0,1,0,0,0,0,0,0,0,0,0,0,0,0,0,0,0,2011-06-05,DIS,-0.43145314702221527,-0.5139277953703884,0.08247464834817309
4604,Smallville,2001-10-16,93.5422,8.204,4165,Disney+,337,TV Show,1,0,0,0,0,1,0,0,0,0,0,1,0,0,0,0,0,0,0,0,0,0,0,0,0,0,0,2001-10-16,DIS,-3.4968628047550006,-2.1921804888595857,-1.3046823158954148
4630,The Fairly OddParents,2001-03-30,96.7259,7.563,1005,Disney+,337,TV Show,0,1,1,0,0,0,0,1,0,0,0,1,0,0,0,0,0,0,0,0,0,0,0,0,0,0,0,2001-03-30,DIS,-2.202799772324378,-1.2461938832180326,-0.9566058891063454
71728,Young Sheldon,2017-09-25,90.3242,8.049,2689,Disney+,337,TV Show,0,0,1,0,0,1,1,0,0,0,0,0,0,0,0,0,0,0,0,0,0,0,0,0,0,0,0,2017-09-25,DIS,-1.5265644813487929,0.536722940092129,-2.063287421440922
4194,Star Wars: The Clone Wars,2008-10-03,90.4403,8.461,2110,Disney+,337,TV Show,1,1,0,0,0,0,0,0,0,0,0,1,0,0,0,0,0,0,0,0,0,0,0,0,0,0,0,2008-10-03,DIS,-4.333120013757648,-3.851784119121029,-0.4813358946366195
1620,CSI: Miami,2002-09-23,86.6312,7.7,1620,Disney+,337,TV Show,0,0,0,1,0,1,0,0,1,0,0,0,0,0,0,0,0,0,0,0,0,0,0,0,0,0,0,2002-09-23,DIS,5.507637021457478,2.548878456142211,2.9587585653152675
44006,Chicago Fire,2012-10-10,93.5526,8.411,2250,Disney+,337,TV Show,0,0,0,0,0,1,0,0,0,0,0,0,0,0,0,0,0,0,0,0,0,0,0,0,0,0,0,2012-10-10,DIS,-1.2107026369151273,-0.2771327281967277,-0.9335699087183995
1100,How I Met Your Mother,2005-09-19,91.6588,8.146,5190,Disney+,337,TV Show,0,0,1,0,0,0,0,0,0,0,0,0,0,0,0,0,0,0,0,0,0,0,0,0,0,0,0,2005-09-19,DIS,-2.8033632637497674,-1.332230520532666,-1.4711327432171013
31917,Pretty Little Liars,2010-06-08,90.813,7.984,2652,Disney+,337,TV Show,0,0,0,0,0,1,0,0,1,0,0,0,0,0,0,0,0,0,0,0,0,0,0,0,0,0,0,2010-06-08,DIS,3.288080894001494,2.78719167475871,0.5008892192427838
4194,Star Wars: The Clone Wars,2008-10-03,90.4403,8.461,2110,Disney+,337,TV Show,1,1,0,0,0,0,0,0,0,0,0,1,0,0,0,0,0,0,0,0,0,0,0,0,0,0,0,2008-10-03,DIS,-4.333120013757648,-3.851784119121029,-0.4813358946366195
71728,Young Sheldon,2017-09-25,90.3242,8.049,2689,Disney+,337,TV Show,0,0,1,0,0,1,1,0,0,0,0,0,0,0,0,0,0,0,0,0,0,0,0,0,0,0,0,2017-09-25,DIS,-1.5265644813487929,0.536722940092129,-2.063287421440922
2004,Malcolm in the Middle,2000-01-09,89.5528,8.5,4490,Disney+,337,TV Show,0,0,1,0,0,0,0,0,0,0,0,0,0,0,0,0,0,0,0,0,0,0,0,0,0,0,0,2000-01-09,DIS,-6.097577433248183,-1.7391586176273857,-4.358418815620798
15260,Adventure Time,2010-04-05,85.8204,8.496,2846,Disney+,337,TV Show,0,1,1,0,0,0,0,0,0,0,0,1,0,0,0,0,0,0,0,0,0,0,0,0,0,0,0,2010-04-05,DIS,1.2776709268495756,-0.08421478553397233,1.361885712383548
48891,Brooklyn Nine-Nine,2013-09-17,88.5908,8.21,3536,Disney+,337,TV Show,0,0,1,1,0,0,0,0,0,0,0,0,0,0,0,0,0,0,0,0,0,0,0,0,0,0,0,2013-09-17,DIS,-2.9411757244487946,0.3020967399845647,-3.2432724644333595
111803,The White Lotus,2021-07-11,84.3288,7.622,1049,Disney+,337,TV Show,0,0,1,0,0,1,0,0,1,0,0,0,0,0,0,0,0,0,0,0,0,0,0,0,0,0,0,2021-07-11,DIS,-0.5206653376981409,-0.2355974939981438,-0.28506784369999716
111803,The White Lotus,2021-07-11,84.3288,7.622,1049,Disney+,337,TV Show,0,0,1,0,0,1,0,0,1,0,0,0,0,0,0,0,0,0,0,0,0,0,0,0,0,0,0,2021-07-11,DIS,-0.5206653376981409,-0.2355974939981438,-0.28506784369999716
61923,Star vs. the Forces of Evil,2015-01-18,82.8478,8.362,1413,Disney+,337,TV Show,1,1,1,0,0,0,1,0,0,0,0,1,0,0,0,0,0,0,0,0,0,0,0,0,0,0,0,2015-01-18,DIS,-0.6016292975098863,0.4731623968765258,-1.074791694386412
39351,Grimm,2011-10-28,82.0229,8.265,3304,Disney+,337,TV Show,0,0,0,0,0,1,0,0,1,0,0,1,0,0,0,0,0,0,0,0,0,0,0,0,0,0,0,2011-10-28,DIS,-3.673005162203704,-2.473750308360319,-1.1992548538433851
74016,The Resident,2018-01-21,82.3444,8.419,1241,Disney+,337,TV Show,0,0,0,0,0,1,0,0,0,0,0,0,0,0,0,0,0,0,0,0,0,0,0,0,0,0,0,2018-01-21,DIS,-0.5400638692060227,0.1613172185598825,-0.7013810877659052
108978,Reacher,2022-02-03,76.6448,8.11,2271,Disney+,337,TV Show,1,0,0,1,0,1,0,0,0,0,0,0,0,0,0,0,0,0,0,0,0,0,0,0,0,0,0,2022-02-03,DIS,1.4211331028502971,0.5156929864423389,0.9054401164079583
76479,The Boys,2019-07-25,77.3852,8.5,10946,Disney+,337,TV Show,1,0,0,0,0,0,0,0,0,0,0,1,0,0,0,0,0,0,0,0,0,0,0,0,0,0,0,2019-07-25,DIS,1.0055048635101804,0.7387691099234726,0.26673575358670787
1418,The Big Bang Theory,2007-09-24,78.7303,7.908,11663,Disney+,337,TV Show,0,0,1,0,0,0,0,0,0,0,0,0,0,0,0,0,0,0,0,0,0,0,0,0,0,0,0,2007-09-24,DIS,-0.3204854916130804,0.8993710732291589,-1.2198565648422393
1973,24,2001-11-06,78.7327,7.779,1590,Disney+,337,TV Show,1,0,0,1,0,1,0,0,0,0,0,0,0,0,0,0,0,0,0,0,0,0,0,0,0,0,0,2001-11-06,DIS,1.0666483896375325,0.12960274396906468,0.9370456456684678
77169,Cobra Kai,2018-05-02,74.4391,8.213,6580,Disney+,337,TV Show,1,0,1,0,0,1,0,0,0,0,0,0,0,0,0,0,0,0,0,0,0,0,0,0,0,0,0,2018-05-02,DIS,1.5358168181045957,1.0528632500483526,0.4829535680562431
1419,Castle,2009-03-09,76.8312,7.995,1926,Disney+,337,TV Show,0,0,0,1,0,1,0,0,0,0,0,0,0,0,0,0,0,0,0,0,0,0,0,0,0,0,0,2009-03-09,DIS,11.80245861990551,10.969204281238959,0.833254338666551
39272,Once Upon a Time,2011-10-23,75.0714,7.378,2313,Disney+,337,TV Show,0,0,0,0,0,1,0,0,0,0,0,1,0,0,0,0,0,0,0,0,0,0,0,0,0,0,0,2011-10-23,DIS,-0.9047328666042895,-0.971937423814939,0.06720455721064944
95479,Jujutsu Kaisen,2020-10-03,65.7763,8.58,3831,Disney+,337,TV Show,1,1,0,0,0,0,0,0,0,0,0,1,0,0,0,0,0,0,0,0,0,0,0,0,0,0,0,2020-10-03,DIS,-1.9777965705688363,-1.397351569222668,-0.5804450013461684
4586,Gilmore Girls,2000-10-05,74.7022,7.888,1098,Disney+,337,TV Show,0,0,1,0,0,1,0,0,0,0,0,0,0,0,0,0,0,0,0,0,0,0,0,0,0,0,0,2000-10-05,DIS,-1.3636397460763272,-1.9000500254716852,0.536410279395358
822119,Captain America: Brave New World,2025-02-12,290.182,6.144,1608,Netflix,8,Movie,0,0,0,0,0,0,0,0,0,0,0,0,0,0,0,0,1,0,0,0,0,0,0,1,0,1,0,2025-02-12,NFLX,3.0458104376997155,1.0353598207582677,2.0104506169414478
974576,Conclave,2024-10-25,188.8202,7.192,2024,Netflix,8,Movie,0,0,0,0,0,1,0,0,1,0,0,0,0,0,0,0,0,0,0,0,0,0,0,0,0,1,0,2024-10-25,NFLX,-0.7367357837167926,0.26514435020340427,-1.0018801339201968
1241982,Moana 2,2024-11-21,147.0271,7.084,2268,Netflix,8,Movie,0,1,1,0,0,0,1,0,0,0,0,0,0,0,0,0,0,1,0,0,0,0,0,0,0,0,0,2024-11-21,NFLX,0.03454088841422842,0.34679590949915445,-0.31225502108492603
762509,Mufasa: The Lion King,2024-12-18,142.9646,7.416,2011,Netflix,8,Movie,0,1,0,0,0,0,1,0,0,0,0,0,0,0,0,0,0,1,0,0,0,0,0,0,0,0,0,2024-12-18,NFLX,2.1921196411210984,0.9994608431070072,1.192658798014091
939243,Sonic the Hedgehog 3,2024-12-19,141.8192,7.732,2457,Netflix,8,Movie,0,0,1,0,0,0,1,0,0,0,0,0,0,0,0,0,1,0,0,0,0,0,0,1,0,0,0,2024-12-19,NFLX,0.7771285016607661,1.086912376891055,-0.30978387523028883
615,The Passion of the Christ,2004-02-25,114.9596,7.52,4819,Netflix,8,Movie,0,0,0,0,0,1,0,0,0,0,0,0,0,0,0,0,0,0,0,0,0,0,0,0,0,0,0,2004-02-25,NFLX,10.575383330849519,0.1110370484616998,10.464346282387819
696506,Mickey 17,2025-02-28,113.067,6.91,1718,Netflix,8,Movie,0,0,1,0,0,0,0,0,0,0,0,0,0,0,0,0,0,1,0,0,0,0,0,1,0,0,0,2025-02-28,NFLX,-0.6995987362978856,-1.759673946699975,1.0600752104020894
615,The Passion of the Christ,2004-02-25,114.9596,7.5,4819,Netflix,8,Movie,0,0,0,0,0,1,0,0,0,0,0,0,0,0,0,0,0,0,0,0,0,0,0,0,0,0,0,2004-02-25,NFLX,10.575383330849519,0.1110370484616998,10.464346282387819
950396,The Gorge,2025-02-13,91.4969,7.733,2455,Netflix,8,Movie,0,0,0,0,0,0,0,0,0,0,0,0,0,0,0,0,0,0,0,0,0,0,1,1,0,1,0,2025-02-13,NFLX,1.4285884713613293,-0.00719438074946603,1.4357828521107954
299536,Avengers: Infinity War,2018-04-25,110.6769,8.235,30442,Netflix,8,Movie,0,0,0,0,0,0,0,0,0,0,0,0,0,0,0,0,1,1,0,0,0,0,0,1,0,0,0,2018-04-25,NFLX,1.9623233282204549,1.155944945611786,0.8063783826086688
558449,Gladiator II,2024-11-13,68.1141,6.751,3237,Netflix,8,Movie,0,0,0,0,0,1,0,0,0,0,0,0,0,0,0,0,1,1,0,0,0,0,0,0,0,0,0,2024-11-13,NFLX,-0.7838873120188852,-1.9173347034252897,1.1334473914064045
1010581,My Fault,2023-06-08,72.5331,7.817,3657,Netflix,8,Movie,0,0,0,0,0,1,0,0,0,0,0,0,0,0,0,0,0,0,0,0,0,0,1,0,0,0,0,2023-06-08,NFLX,2.6015570323945396,0.11480595394411784,2.4867510784504216
912649,Venom: The Last Dance,2024-10-22,69.5744,6.783,3211,Netflix,8,Movie,0,0,0,0,0,0,0,0,0,0,0,0,0,0,0,0,1,1,0,0,0,0,0,1,0,0,0,2024-10-22,NFLX,-1.250915639164854,-0.7362605394960202,-0.5146550996688337
533535,Deadpool & Wolverine,2024-07-24,69.9032,7.603,7106,Netflix,8,Movie,0,0,1,0,0,0,0,0,0,0,0,0,0,0,0,0,1,0,0,0,0,0,0,1,0,0,0,2024-07-24,NFLX,-0.7264257595445708,0.5890814396205695,-1.3155071991651401
519182,Despicable Me 4,2024-06-20,67.0019,7.05,2718,Netflix,8,Movie,0,1,1,0,0,0,1,0,0,0,0,0,0,0,0,0,0,0,0,0,0,0,0,1,0,0,0,2024-06-20,NFLX,1.0441314101607626,-0.15621303211011955,1.2003444422708822
539972,Kraven the Hunter,2024-12-11,61.5312,6.601,1595,Netflix,8,Movie,0,0,0,0,0,0,0,0,0,0,0,0,0,0,0,0,1,1,0,0,0,0,0,0,0,1,0,2024-12-11,NFLX,-1.8888274630050612,-0.5440345875953951,-1.344792875409666
823219,Flow,2024-08-29,59.7479,8.2,1856,Netflix,8,Movie,0,1,0,0,0,0,0,0,0,0,0,0,0,0,0,0,0,1,1,0,0,0,0,0,0,0,0,2024-08-29,NFLX,1.2809027506012907,1.0093051774424322,0.27159757315885846
1084199,Companion,2025-01-22,58.5648,7.072,1136,Netflix,8,Movie,0,0,0,0,0,0,0,0,0,0,0,0,0,0,0,0,0,0,0,0,1,0,0,1,0,1,0,2025-01-22,NFLX,2.473824344351425,0.24431831947761096,2.2295060248738143
315635,Spider-Man: Homecoming,2017-07-05,85.9124,7.331,22151,Netflix,8,Movie,0,0,0,0,0,1,0,0,0,0,0,0,0,0,0,0,1,1,0,0,0,0,0,1,0,0,0,2017-07-05,NFLX,1.741069070390248,-0.3025688088863517,2.0436378792766
1184918,The Wild Robot,2024-09-12,56.2456,8.324,4787,Netflix,8,Movie,0,1,0,0,0,0,1,0,0,0,0,0,0,0,0,0,0,0,0,0,0,0,0,1,0,0,0,2024-09-12,NFLX,1.4938861310402076,0.5407711405364484,0.9531149905037593
1156593,Your Fault,2024-12-26,53.6999,7.14,1219,Netflix,8,Movie,0,0,0,0,0,1,0,0,0,0,0,0,0,0,0,0,0,0,0,0,0,0,1,0,0,0,0,2024-12-26,NFLX,-1.7951854256392035,-1.1055736101235554,-0.6896118155156481
933260,The Substance,2024-09-07,55.6315,7.14,4484,Netflix,8,Movie,0,0,0,0,0,0,0,0,0,0,0,0,0,0,0,0,0,0,0,0,1,0,0,1,0,0,0,2024-09-07,NFLX,-0.266499043337926,0.44726726528397437,-0.7137663086219004
209112,Batman v Superman: Dawn of Justice,2016-03-23,76.3566,5.977,18223,Netflix,8,Movie,0,0,0,0,0,0,0,0,0,0,0,0,0,0,0,0,1,1,1,0,0,0,0,0,0,0,0,2016-03-23,NFLX,-1.2350595167871201,-0.03780702927851146,-1.1972524875086086
420818,The Lion King,2019-07-12,79.3952,7.11,10325,Netflix,8,Movie,0,1,0,0,0,1,1,0,0,0,0,0,0,0,0,0,0,1,0,0,0,0,0,0,0,0,0,2019-07-12,NFLX,-1.7816460539810781,0.017586919155743633,-1.7992329731368217
335984,Blade Runner 2049,2017-10-04,47.1166,7.578,14055,Netflix,8,Movie,0,0,0,0,0,1,0,0,0,0,0,0,0,0,0,0,0,0,0,0,0,0,0,1,0,0,0,2017-10-04,NFLX,7.357011411622076,0.4567090377747717,6.900302373847304
284054,Black Panther,2018-02-13,72.9206,7.373,22516,Netflix,8,Movie,0,0,0,0,0,0,0,0,0,0,0,0,0,0,0,0,1,1,0,0,0,0,0,1,0,0,0,2018-02-13,NFLX,7.840632230378125,2.6016369434261244,5.238995286952001
1022789,Inside Out 2,2024-06-11,50.7776,7.556,5774,Netflix,8,Movie,0,1,1,0,0,0,1,0,0,0,0,0,0,0,0,0,0,1,0,0,0,0,0,0,0,0,0,2024-06-11,NFLX,3.2117828204312824,1.0470125551214022,2.16477026530988
321612,Beauty and the Beast,2017-03-16,77.8782,6.971,15596,Netflix,8,Movie,0,0,0,0,0,0,1,0,0,0,0,0,0,0,0,0,0,0,1,0,0,0,1,0,0,0,0,2017-03-16,NFLX,0.49865033849064694,-0.1314314795001749,0.6300818179908219
299534,Avengers: Endgame,2019-04-24,63.2407,8.237,26258,Netflix,8,Movie,0,0,0,0,0,0,0,0,0,0,0,0,0,0,0,0,1,1,0,0,0,0,0,1,0,0,0,2019-04-24,NFLX,0.1656722066606653,0.43145897386625676,-0.26578676720559147
7451,xXx,2002-08-09,47.5123,5.938,4401,Netflix,8,Movie,0,0,0,1,0,0,0,0,0,0,0,0,0,0,0,0,1,1,0,0,0,0,0,0,0,1,0,2002-08-09,NFLX,-3.811247980852438,-0.5326671484241653,-3.278580832428273
845781,Red One,2024-10-31,45.0807,7.056,2461,Netflix,8,Movie,0,0,1,0,0,0,0,0,0,0,0,0,0,0,0,0,1,0,1,0,0,0,0,0,0,0,0,2024-10-31,NFLX,0.009251787144956614,0.4092509543626135,-0.3999991672176569
157336,Interstellar,2014-11-05,40.3658,8.454,37003,Netflix,8,Movie,0,0,0,0,0,1,0,0,0,0,0,0,0,0,0,0,0,1,0,0,0,0,0,1,0,0,0,2014-11-05,NFLX,0.9937447810287258,0.4126419089966662,0.5811028720320596
181808,Star Wars: The Last Jedi,2017-12-13,74.7713,6.778,15559,Netflix,8,Movie,0,0,0,0,0,0,0,0,0,0,0,0,0,0,0,0,1,1,0,0,0,0,0,1,0,0,0,2017-12-13,NFLX,1.20302060017741,0.48669509969438074,0.7163255004830292
283995,Guardians of the Galaxy Vol. 2,2017-04-19,71.1511,7.612,21912,Netflix,8,Movie,0,0,0,0,0,0,0,0,0,0,0,0,0,0,0,0,1,1,0,0,0,0,0,1,0,0,0,2017-04-19,NFLX,2.225243798359942,0.4499253639707203,1.7753184343892217
1064213,Anora,2024-10-14,43.9255,7.1,2072,Netflix,8,Movie,0,0,1,0,0,1,0,0,0,0,0,0,0,0,0,0,0,0,0,0,0,0,1,0,0,0,0,2024-10-14,NFLX,-3.555396295362903,-0.3136579009052016,-3.2417383944577014
351286,Jurassic World: Fallen Kingdom,2018-06-06,57.162,6.538,12024,Netflix,8,Movie,0,0,0,0,0,0,0,0,0,0,0,0,0,0,0,0,1,1,0,0,0,0,0,1,0,1,0,2018-06-06,NFLX,-1.8723648535181214,0.240948343655162,-2.1133131971732833
198663,The Maze Runner,2014-09-10,43.4781,7.189,17306,Netflix,8,Movie,0,0,0,0,0,0,0,0,1,0,0,0,0,0,0,0,1,0,0,0,0,0,0,1,0,1,0,2014-09-10,NFLX,-1.6185345195890406,-0.508591146007277,-1.1099433735817636
284053,Thor: Ragnarok,2017-10-02,61.4571,7.584,21075,Netflix,8,Movie,0,0,0,0,0,0,0,0,0,0,0,0,0,0,0,0,1,1,0,0,0,0,0,1,0,0,0,2017-10-02,NFLX,9.818657376514016,0.9074282797369237,8.911229096777092
411,"The Chronicles of Narnia: The Lion, the Witch and the Wardrobe",2005-12-07,45.0716,7.134,10888,Netflix,8,Movie,0,0,0,0,0,0,1,0,0,0,0,0,0,0,0,0,0,1,1,0,0,0,0,0,0,0,0,2005-12-07,NFLX,-5.9897760062007634,0.1590621700666238,-6.148838176267387
293167,Kong: Skull Island,2017-03-08,71.4806,6.544,10621,Netflix,8,Movie,0,0,0,0,0,0,0,0,0,0,0,0,0,0,0,0,1,1,1,0,0,0,0,0,0,0,0,2017-03-08,NFLX,0.4062086913327212,0.40711801483784194,-0.0009093235051207404
297762,Wonder Woman,2017-05-30,67.0568,7.216,20174,Netflix,8,Movie,0,0,0,0,0,0,0,0,0,0,0,0,0,0,0,0,1,1,1,0,0,0,0,0,0,0,0,2017-05-30,NFLX,1.2008279870233918,1.084174594281918,0.11665339274147368
320288,Dark Phoenix,2019-06-05,66.8773,5.971,6655,Netflix,8,Movie,0,0,0,0,0,0,0,0,0,0,0,0,0,0,0,0,1,1,0,0,0,0,0,1,0,0,0,2019-06-05,NFLX,1.444911582412686,1.669769374502739,-0.2248577920900532
335988,Transformers: The Last Knight,2017-06-16,62.0324,6.053,6342,Netflix,8,Movie,0,0,0,0,0,0,0,0,0,0,0,0,0,0,0,0,1,1,0,0,0,0,0,1,0,0,0,2017-06-16,NFLX,0.6693719523478787,0.8347228657875202,-0.16535091343964148
302946,The Accountant,2016-10-13,41.6163,7.1,6418,Netflix,8,Movie,0,0,0,1,0,1,0,0,0,0,0,0,0,0,0,0,0,0,0,0,0,0,0,0,0,1,0,2016-10-13,NFLX,1.2371523717840445,0.020160447857308448,1.216991923926736
829557,365 Days: This Day,2022-04-26,39.9386,5.897,1699,Netflix,8,Movie,0,0,0,0,0,1,0,0,0,0,0,0,0,0,0,0,0,0,0,0,0,0,1,0,0,0,0,2022-04-26,NFLX,-4.052416095500334,-1.0363579590705443,-3.0160581364297894
76600,Avatar: The Way of Water,2022-12-14,39.4832,7.611,12489,Netflix,8,Movie,0,0,0,0,0,0,0,0,0,0,0,0,0,0,0,0,1,1,0,0,0,0,0,1,0,0,0,2022-12-14,NFLX,-8.532862304677842,-3.578185439250793,-4.954676865427048
76600,Avatar: The Way of Water,2022-12-14,39.4832,7.611,12489,Netflix,8,Movie,0,0,0,0,0,0,0,0,0,0,0,0,0,0,0,0,1,1,0,0,0,0,0,1,0,0,0,2022-12-14,NFLX,-8.532862304677842,-3.578185439250793,-4.954676865427048
24428,The Avengers,2012-04-25,36.0158,7.741,31640,Netflix,8,Movie,0,0,0,0,0,0,0,0,0,0,0,0,0,0,0,0,1,1,0,0,0,0,0,1,0,0,0,2012-04-25,NFLX,-3.0225821020810772,0.91106173763655,-3.933643839717627
1118031,Apocalypse Z: The Beginning of the End,2024-10-04,36.1285,6.718,1043,Netflix,8,Movie,0,0,0,0,0,1,0,0,0,0,0,0,0,0,0,0,1,0,0,0,1,0,0,0,0,0,0,2024-10-04,NFLX,-2.4704778373354173,-0.9586022165882689,-1.5118756207471482
573435,Bad Boys: Ride or Die,2024-06-05,36.7483,7.385,2857,Netflix,8,Movie,0,0,1,1,0,0,0,0,0,0,0,0,0,0,0,0,1,1,0,0,0,0,0,0,0,1,0,2024-06-05,NFLX,-1.3532914887370255,-0.131481352620913,-1.2218101361161124
371638,The Disaster Artist,2017-03-12,35.6685,7.107,3573,Netflix,8,Movie,0,0,1,0,0,1,0,0,0,0,0,0,0,0,0,0,0,0,0,0,0,0,0,0,0,0,0,2017-03-12,NFLX,1.2054038991350695,0.4967427103789005,0.708661188756169
634649,Spider-Man: No Way Home,2021-12-15,37.1529,7.9,20696,Netflix,8,Movie,0,0,0,0,0,0,0,0,0,0,0,0,0,0,0,0,1,1,0,0,0,0,0,1,0,0,0,2021-12-15,NFLX,-3.0262459049881594,-1.894114655196634,-1.1321312497915255
374720,Dunkirk,2017-07-19,61.5608,7.45,16743,Netflix,8,Movie,0,0,0,0,0,1,0,0,0,0,0,0,0,0,0,0,1,0,0,0,0,0,0,0,0,0,1,2017-07-19,NFLX,2.5454109976315102,-0.05214744027519321,2.5975584379067036
993710,Back in Action,2025-01-15,34.8999,6.461,1182,Netflix,8,Movie,0,0,1,0,0,0,0,0,0,0,0,0,0,0,0,0,1,0,0,0,0,0,0,0,0,0,0,2025-01-15,NFLX,1.1600176487196765,0.7857261500140824,0.3742914987055941
945961,Alien: Romulus,2024-08-13,34.3244,7.21,3555,Netflix,8,Movie,0,0,0,0,0,0,0,0,0,0,0,0,0,0,0,0,0,0,0,0,1,0,0,1,0,0,0,2024-08-13,NFLX,4.0199356513417905,2.2048277435366033,1.8151079078051873
339846,Baywatch,2017-05-25,48.7345,6.092,8173,Netflix,8,Movie,0,0,1,1,0,0,0,0,0,0,0,0,0,0,0,0,1,0,0,0,0,0,0,0,0,0,0,2017-05-25,NFLX,-0.3802578131689758,0.03105499959715438,-0.4113128127661302
603692,John Wick: Chapter 4,2023-03-22,35.1709,7.724,7004,Netflix,8,Movie,0,0,0,1,0,0,0,0,0,0,0,0,0,0,0,0,1,0,0,0,0,0,0,0,0,1,0,2023-03-22,NFLX,11.735291414841262,0.8641168153277577,10.871174599513504
206647,Spectre,2015-10-26,59.5264,6.558,10692,Netflix,8,Movie,0,0,0,0,0,0,0,0,0,0,0,0,0,0,0,0,1,1,0,0,0,0,0,0,0,1,0,2015-10-26,NFLX,2.018635299469652,0.8801736725166921,1.1384616269529597
385687,Fast X,2023-05-17,34.9789,7.045,5864,Netflix,8,Movie,0,0,0,1,0,0,0,0,1,0,0,0,0,0,0,0,1,1,0,0,0,0,0,0,0,1,0,2023-05-17,NFLX,7.471465623872008,0.7985524754081789,6.672913148463829
37799,The Social Network,2010-10-01,41.3365,7.369,12389,Netflix,8,Movie,0,0,0,0,0,1,0,0,0,0,0,0,0,0,0,0,0,0,0,0,0,0,0,0,0,0,0,2010-10-01,NFLX,1.118582388858065,-0.8034932488803511,1.9220756377384163
281957,The Revenant,2015-12-25,38.7044,7.534,18400,Netflix,8,Movie,0,0,0,0,0,1,0,0,0,0,0,0,0,0,0,1,0,1,0,0,0,0,0,0,0,0,0,2015-12-25,NFLX,-0.1875063643311914,-0.217855994238203,0.03034962990701162
450465,Glass,2019-01-16,60.6996,6.663,8632,Netflix,8,Movie,0,0,0,0,0,1,0,0,0,0,0,0,0,0,0,0,0,0,0,0,0,0,0,1,0,1,0,2019-01-16,NFLX,-3.497540633651163,2.087453126513572,-5.5849937601647355
1100782,Smile 2,2024-10-16,30.307,6.6,1462,Netflix,8,Movie,0,0,0,0,0,0,0,0,1,0,0,0,0,0,0,0,0,0,0,0,1,0,0,0,0,0,0,2024-10-16,NFLX,8.816241402911325,0.37997124871681875,8.436270154194506
777443,The Electric State,2025-03-07,32.2234,6.591,1069,Netflix,8,Movie,0,0,0,0,0,0,0,0,0,0,0,0,0,0,0,0,1,1,0,0,0,0,0,1,0,0,0,2025-03-07,NFLX,-2.7415238385128275,-2.6973091305425827,-0.04421470797024485
38575,The Karate Kid,2010-06-10,47.5278,6.545,6132,Netflix,8,Movie,0,0,0,0,0,1,1,0,0,0,0,0,0,0,0,0,1,1,0,0,0,0,0,0,0,0,0,2010-06-10,NFLX,1.710764336735779,0.4379678623643818,1.2727964743713973
426063,Nosferatu,2024-12-25,34.3835,6.701,2561,Netflix,8,Movie,0,0,0,0,0,0,0,0,0,0,0,0,0,0,0,0,0,0,1,0,1,0,0,0,0,0,0,2024-12-25,NFLX,-1.7951854256392035,-1.1055736101235554,-0.6896118155156481
693134,Dune: Part Two,2024-02-27,31.3996,8.147,6570,Netflix,8,Movie,0,0,0,0,0,0,0,0,0,0,0,0,0,0,0,0,0,1,0,0,0,0,0,1,0,0,0,2024-02-27,NFLX,2.936833222067364,1.1598623976489486,1.7769708244184155
4348,Pride & Prejudice,2005-09-16,32.2952,8.067,8213,Netflix,8,Movie,0,0,0,0,0,1,0,0,0,0,0,0,0,0,0,0,0,0,0,0,0,0,1,0,0,0,0,2005-09-16,NFLX,-3.84297327732809,-0.5565844413728525,-3.2863888359552376
674,Harry Potter and the Goblet of Fire,2005-11-16,30.954,7.802,21130,Netflix,8,Movie,0,0,0,0,0,0,0,0,0,0,0,0,0,0,0,0,0,1,1,0,0,0,0,0,0,0,0,2005-11-16,NFLX,2.451335857023588,1.3856335746958777,1.0657022823277102
343668,Kingsman: The Golden Circle,2017-09-20,40.6075,6.958,10582,Netflix,8,Movie,0,0,1,1,0,0,0,0,0,0,0,0,0,0,0,0,1,1,0,0,0,0,0,1,0,1,0,2017-09-20,NFLX,0.9918665576866718,-0.2400097101827755,1.2318762678694473
299537,Captain Marvel,2019-03-06,42.3152,6.802,15986,Netflix,8,Movie,0,0,0,0,0,0,0,0,0,0,0,0,0,0,0,0,1,1,0,0,0,0,0,1,0,0,0,2019-03-06,NFLX,-2.783565433607441,-1.024008490591717,-1.7595569430157239
346685,The Girl on the Train,2016-10-05,55.8767,6.4,5769,Netflix,8,Movie,0,0,0,1,0,1,0,0,1,0,0,0,0,0,0,0,0,0,0,0,0,0,0,0,0,1,0,2016-10-05,NFLX,-1.3737289247664735,-0.2773490338396343,-1.0963798909268392
1011985,Kung Fu Panda 4,2024-03-02,31.0865,7.069,3051,Netflix,8,Movie,0,1,1,0,0,0,1,0,0,0,0,0,0,0,0,0,1,1,1,0,0,0,0,0,0,0,0,2024-03-02,NFLX,-2.814091000587824,-1.0193100883444584,-1.7947809122433656
402431,Wicked,2024-11-20,31.0272,6.931,2070,Netflix,8,Movie,0,0,0,0,0,1,0,0,0,0,0,0,0,0,0,0,0,0,1,0,0,0,1,0,0,0,0,2024-11-20,NFLX,1.5771910195692314,0.8826941137744331,0.6944969057947983
698687,Transformers One,2024-09-11,31.0749,8.1,1203,Netflix,8,Movie,0,1,0,0,0,0,1,0,0,0,0,0,0,0,0,0,0,1,0,0,0,0,0,1,0,0,0,2024-09-11,NFLX,2.2877056254413266,1.2943546196356914,0.9933510058056352
673,Harry Potter and the Prisoner of Azkaban,2004-05-31,31.2266,8.012,22055,Netflix,8,Movie,0,0,0,0,0,0,0,0,0,0,0,0,0,0,0,0,0,1,1,0,0,0,0,0,0,0,0,2004-05-31,NFLX,-4.447862167272447,-0.40670145576366346,-4.041160711508784
497698,Black Widow,2021-07-07,35.0884,7.209,10455,Netflix,8,Movie,0,0,0,0,0,0,0,0,0,0,0,0,0,0,0,0,1,1,0,0,0,0,0,1,0,0,0,2021-07-07,NFLX,0.0037238777661607473,0.26203720820798954,-0.2583133304418288
294963,Bone Tomahawk,2015-10-23,35.0906,6.866,2298,Netflix,8,Movie,0,0,0,0,0,1,0,0,0,0,0,0,0,0,0,1,0,0,0,0,1,0,0,0,0,0,0,2015-10-23,NFLX,2.9988004523642164,-0.19131006866738495,3.190110521031601
569094,Spider-Man: Across the Spider-Verse,2023-05-31,30.3386,8.343,7498,Netflix,8,Movie,0,1,0,0,0,0,0,0,0,0,0,0,0,0,0,0,1,1,0,0,0,0,0,1,0,0,0,2023-05-31,NFLX,1.325807779955319,2.45321070823285,-1.127402928277531
346672,Underworld: Blood Wars,2016-11-24,45.9869,5.897,3738,Netflix,8,Movie,0,0,0,0,0,0,0,0,0,0,0,0,0,0,0,0,1,0,1,0,0,0,0,1,0,1,0,2016-11-24,NFLX,-0.23791211954157232,0.39143868916706737,-0.6293508087086397
429200,Good Time,2017-08-11,43.0374,7.206,2882,Netflix,8,Movie,0,0,0,1,0,1,0,0,0,0,0,0,0,0,0,0,0,0,0,0,0,0,0,0,0,1,0,2017-08-11,NFLX,-0.23336867603737957,1.0043754544535421,-1.2377441304909218
423204,Angel Has Fallen,2019-08-21,31.2489,6.592,3593,Netflix,8,Movie,0,0,0,0,0,0,0,0,0,0,0,0,0,0,0,0,1,0,0,0,0,0,0,0,0,1,0,2019-08-21,NFLX,-2.13894602914874,-2.643928082604908,0.504982053456168
167073,Brooklyn,2015-10-20,32.4585,7.313,3119,Netflix,8,Movie,0,0,0,0,0,1,0,0,0,0,0,0,0,0,0,0,0,0,0,1,0,0,1,0,0,0,0,2015-10-20,NFLX,1.060716309139466,2.1853721684715404,-1.1246558593320743
700391,65,2023-03-02,41.7966,5.976,2528,Netflix,8,Movie,0,0,0,0,0,0,0,0,0,0,0,0,0,0,0,0,1,1,0,0,0,0,0,1,0,0,0,2023-03-02,NFLX,1.0580953383685836,1.6147737160748878,-0.5566783777063042
700391,65,2023-03-02,41.7966,5.976,2528,Netflix,8,Movie,0,0,0,0,0,0,0,0,0,0,0,0,0,0,0,0,1,1,0,0,0,0,0,1,0,0,0,2023-03-02,NFLX,1.0580953383685836,1.6147737160748878,-0.5566783777063042
339967,Colossal,2017-04-06,37.3367,6.281,2119,Netflix,8,Movie,0,0,0,0,0,1,0,0,0,0,0,0,0,0,0,0,0,0,1,0,0,0,0,1,0,0,0,2017-04-06,NFLX,-0.4382947396244962,-0.08271302020167395,-0.35558171942282224
822119,Captain America: Brave New World,2025-02-12,290.182,6.144,1608,Disney+,337,Movie,0,0,0,0,0,0,0,0,0,0,0,0,0,0,0,0,1,0,0,0,0,0,0,1,0,1,0,2025-02-12,DIS,1.0528186955433037,1.0353598207582677,0.017458874785035938
974576,Conclave,2024-10-25,188.8202,7.192,2024,Disney+,337,Movie,0,0,0,0,0,1,0,0,1,0,0,0,0,0,0,0,0,0,0,0,0,0,0,0,0,1,0,2024-10-25,DIS,1.2311924781121382,0.26514435020340427,0.9660481279087338
1241982,Moana 2,2024-11-21,147.0271,7.084,2268,Disney+,337,Movie,0,1,1,0,0,0,1,0,0,0,0,0,0,0,0,0,0,1,0,0,0,0,0,0,0,0,0,2024-11-21,DIS,0.8106680411263784,0.34679590949915445,0.4638721316272239
762509,Mufasa: The Lion King,2024-12-18,142.9646,7.416,2011,Disney+,337,Movie,0,1,0,0,0,0,1,0,0,0,0,0,0,0,0,0,0,1,0,0,0,0,0,0,0,0,0,2024-12-18,DIS,0.6106873053382398,0.9994608431070072,-0.38877353776876744
939243,Sonic the Hedgehog 3,2024-12-19,141.8192,7.732,2457,Disney+,337,Movie,0,0,1,0,0,0,1,0,0,0,0,0,0,0,0,0,1,0,0,0,0,0,0,1,0,0,0,2024-12-19,DIS,0.5926156203988233,1.086912376891055,-0.4942967564922316
615,The Passion of the Christ,2004-02-25,114.9596,7.52,4819,Disney+,337,Movie,0,0,0,0,0,1,0,0,0,0,0,0,0,0,0,0,0,0,0,0,0,0,0,0,0,0,0,2004-02-25,DIS,0.8745288810480698,0.1110370484616998,0.76349183258637
696506,Mickey 17,2025-02-28,113.067,6.91,1718,Disney+,337,Movie,0,0,1,0,0,0,0,0,0,0,0,0,0,0,0,0,0,1,0,0,0,0,0,1,0,0,0,2025-02-28,DIS,-0.8875238217446321,-1.759673946699975,0.8721501249553428
615,The Passion of the Christ,2004-02-25,114.9596,7.5,4819,Disney+,337,Movie,0,0,0,0,0,1,0,0,0,0,0,0,0,0,0,0,0,0,0,0,0,0,0,0,0,0,0,2004-02-25,DIS,0.8745288810480698,0.1110370484616998,0.76349183258637
950396,The Gorge,2025-02-13,91.4969,7.733,2455,Disney+,337,Movie,0,0,0,0,0,0,0,0,0,0,0,0,0,0,0,0,0,0,0,0,0,0,1,1,0,1,0,2025-02-13,DIS,0.7208695518992382,-0.00719438074946603,0.7280639326487042
299536,Avengers: Infinity War,2018-04-25,110.6769,8.235,30442,Disney+,337,Movie,0,0,0,0,0,0,0,0,0,0,0,0,0,0,0,0,1,1,0,0,0,0,0,1,0,0,0,2018-04-25,DIS,-1.8981527028713023,1.155944945611786,-3.054097648483088
558449,Gladiator II,2024-11-13,68.1141,6.751,3237,Disney+,337,Movie,0,0,0,0,0,1,0,0,0,0,0,0,0,0,0,0,1,1,0,0,0,0,0,0,0,0,0,2024-11-13,DIS,12.032709452422095,-1.9173347034252897,13.950044155847385
1010581,My Fault,2023-06-08,72.5331,7.817,3657,Disney+,337,Movie,0,0,0,0,0,1,0,0,0,0,0,0,0,0,0,0,0,0,0,0,0,0,1,0,0,0,0,2023-06-08,DIS,-0.6484506174617146,0.11480595394411784,-0.7632565714058325
912649,Venom: The Last Dance,2024-10-22,69.5744,6.783,3211,Disney+,337,Movie,0,0,0,0,0,0,0,0,0,0,0,0,0,0,0,0,1,1,0,0,0,0,0,1,0,0,0,2024-10-22,DIS,-1.767621857693386,-0.7362605394960202,-1.0313613181973658
533535,Deadpool & Wolverine,2024-07-24,69.9032,7.603,7106,Disney+,337,Movie,0,0,1,0,0,0,0,0,0,0,0,0,0,0,0,0,1,0,0,0,0,0,0,1,0,0,0,2024-07-24,DIS,0.14476451914140406,0.5890814396205695,-0.4443169204791654
519182,Despicable Me 4,2024-06-20,67.0019,7.05,2718,Disney+,337,Movie,0,1,1,0,0,0,1,0,0,0,0,0,0,0,0,0,0,0,0,0,0,0,0,1,0,0,0,2024-06-20,DIS,0.4222337058837403,-0.15621303211011955,0.5784467379938598
539972,Kraven the Hunter,2024-12-11,61.5312,6.601,1595,Disney+,337,Movie,0,0,0,0,0,0,0,0,0,0,0,0,0,0,0,0,1,1,0,0,0,0,0,0,0,1,0,2024-12-11,DIS,-1.1081051607022276,-0.5440345875953951,-0.5640705731068325
823219,Flow,2024-08-29,59.7479,8.2,1856,Disney+,337,Movie,0,1,0,0,0,0,0,0,0,0,0,0,0,0,0,0,0,1,1,0,0,0,0,0,0,0,0,2024-08-29,DIS,0.6346779275310813,1.0093051774424322,-0.3746272499113509
1084199,Companion,2025-01-22,58.5648,7.072,1136,Disney+,337,Movie,0,0,0,0,0,0,0,0,0,0,0,0,0,0,0,0,0,0,0,0,1,0,0,1,0,1,0,2025-01-22,DIS,3.0787668216899466,0.24431831947761096,2.834448502212336
315635,Spider-Man: Homecoming,2017-07-05,85.9124,7.331,22151,Disney+,337,Movie,0,0,0,0,0,1,0,0,0,0,0,0,0,0,0,0,1,1,0,0,0,0,0,1,0,0,0,2017-07-05,DIS,-1.4592194258796047,-0.3025688088863517,-1.1566506169932531
1184918,The Wild Robot,2024-09-12,56.2456,8.324,4787,Disney+,337,Movie,0,1,0,0,0,0,1,0,0,0,0,0,0,0,0,0,0,0,0,0,0,0,0,1,0,0,0,2024-09-12,DIS,1.3997827529753042,0.5407711405364484,0.8590116124388558
1156593,Your Fault,2024-12-26,53.6999,7.14,1219,Disney+,337,Movie,0,0,0,0,0,1,0,0,0,0,0,0,0,0,0,0,0,0,0,0,0,0,1,0,0,0,0,2024-12-26,DIS,-0.8884939785742476,-1.1055736101235554,0.21707963154930776
933260,The Substance,2024-09-07,55.6315,7.14,4484,Disney+,337,Movie,0,0,0,0,0,0,0,0,0,0,0,0,0,0,0,0,0,0,0,0,1,0,0,1,0,0,0,2024-09-07,DIS,0.06793132334919555,0.44726726528397437,-0.3793359419347788
209112,Batman v Superman: Dawn of Justice,2016-03-23,76.3566,5.977,18223,Disney+,337,Movie,0,0,0,0,0,0,0,0,0,0,0,0,0,0,0,0,1,1,1,0,0,0,0,0,0,0,0,2016-03-23,DIS,0.40277198163240047,-0.03780702927851146,0.44057901091091195
420818,The Lion King,2019-07-12,79.3952,7.11,10325,Disney+,337,Movie,0,1,0,0,0,1,1,0,0,0,0,0,0,0,0,0,0,1,0,0,0,0,0,0,0,0,0,2019-07-12,DIS,0.1242286123957888,0.017586919155743633,0.10664169324004517
335984,Blade Runner 2049,2017-10-04,47.1166,7.578,14055,Disney+,337,Movie,0,0,0,0,0,1,0,0,0,0,0,0,0,0,0,0,0,0,0,0,0,0,0,1,0,0,0,2017-10-04,DIS,-0.47739207203350964,0.4567090377747717,-0.9341011098082813
284054,Black Panther,2018-02-13,72.9206,7.373,22516,Disney+,337,Movie,0,0,0,0,0,0,0,0,0,0,0,0,0,0,0,0,1,1,0,0,0,0,0,1,0,0,0,2018-02-13,DIS,2.3146398357105333,2.6016369434261244,-0.28699710771559106
1022789,Inside Out 2,2024-06-11,50.7776,7.556,5774,Disney+,337,Movie,0,1,1,0,0,0,1,0,0,0,0,0,0,0,0,0,0,1,0,0,0,0,0,0,0,0,0,2024-06-11,DIS,-0.8922370983950416,1.0470125551214022,-1.9392496535164438
321612,Beauty and the Beast,2017-03-16,77.8782,6.971,15596,Disney+,337,Movie,0,0,0,0,0,0,1,0,0,0,0,0,0,0,0,0,0,0,1,0,0,0,1,0,0,0,0,2017-03-16,DIS,0.044749532577486435,-0.1314314795001749,0.17618101207766132
299534,Avengers: Endgame,2019-04-24,63.2407,8.237,26258,Disney+,337,Movie,0,0,0,0,0,0,0,0,0,0,0,0,0,0,0,0,1,1,0,0,0,0,0,1,0,0,0,2019-04-24,DIS,3.5677332529655303,0.43145897386625676,3.1362742790992737
7451,xXx,2002-08-09,47.5123,5.938,4401,Disney+,337,Movie,0,0,0,1,0,0,0,0,0,0,0,0,0,0,0,0,1,1,0,0,0,0,0,0,0,1,0,2002-08-09,DIS,-2.8668807884359513,-0.5326671484241653,-2.334213640011786
845781,Red One,2024-10-31,45.0807,7.056,2461,Disney+,337,Movie,0,0,1,0,0,0,0,0,0,0,0,0,0,0,0,0,1,0,1,0,0,0,0,0,0,0,0,2024-10-31,DIS,-0.405408817826995,0.4092509543626135,-0.8146597721896085
157336,Interstellar,2014-11-05,40.3658,8.454,37003,Disney+,337,Movie,0,0,0,0,0,1,0,0,0,0,0,0,0,0,0,0,0,1,0,0,0,0,0,1,0,0,0,2014-11-05,DIS,-1.0988950181980999,0.4126419089966662,-1.511536927194766
181808,Star Wars: The Last Jedi,2017-12-13,74.7713,6.778,15559,Disney+,337,Movie,0,0,0,0,0,0,0,0,0,0,0,0,0,0,0,0,1,1,0,0,0,0,0,1,0,0,0,2017-12-13,DIS,3.4011751313557492,0.48669509969438074,2.9144800316613684
283995,Guardians of the Galaxy Vol. 2,2017-04-19,71.1511,7.612,21912,Disney+,337,Movie,0,0,0,0,0,0,0,0,0,0,0,0,0,0,0,0,1,1,0,0,0,0,0,1,0,0,0,2017-04-19,DIS,0.6242804081307011,0.4499253639707203,0.17435504415998077
1064213,Anora,2024-10-14,43.9255,7.1,2072,Disney+,337,Movie,0,0,1,0,0,1,0,0,0,0,0,0,0,0,0,0,0,0,0,0,0,0,1,0,0,0,0,2024-10-14,DIS,1.6531517726870522,-0.3136579009052016,1.9668096735922538
351286,Jurassic World: Fallen Kingdom,2018-06-06,57.162,6.538,12024,Disney+,337,Movie,0,0,0,0,0,0,0,0,0,0,0,0,0,0,0,0,1,1,0,0,0,0,0,1,0,1,0,2018-06-06,DIS,2.0311939988293113,0.240948343655162,1.7902456551741492
198663,The Maze Runner,2014-09-10,43.4781,7.189,17306,Disney+,337,Movie,0,0,0,0,0,0,0,0,1,0,0,0,0,0,0,0,1,0,0,0,0,0,0,1,0,1,0,2014-09-10,DIS,0.16757577893909487,-0.508591146007277,0.6761669249463718
284053,Thor: Ragnarok,2017-10-02,61.4571,7.584,21075,Disney+,337,Movie,0,0,0,0,0,0,0,0,0,0,0,0,0,0,0,0,1,1,0,0,0,0,0,1,0,0,0,2017-10-02,DIS,0.2503587663248699,0.9074282797369237,-0.6570695134120539
411,"The Chronicles of Narnia: The Lion, the Witch and the Wardrobe",2005-12-07,45.0716,7.134,10888,Disney+,337,Movie,0,0,0,0,0,0,1,0,0,0,0,0,0,0,0,0,0,1,1,0,0,0,0,0,0,0,0,2005-12-07,DIS,-0.8267629580548428,0.1590621700666238,-0.9858251281214666
293167,Kong: Skull Island,2017-03-08,71.4806,6.544,10621,Disney+,337,Movie,0,0,0,0,0,0,0,0,0,0,0,0,0,0,0,0,1,1,1,0,0,0,0,0,0,0,0,2017-03-08,DIS,0.07216998585779719,0.40711801483784194,-0.3349480289800447
297762,Wonder Woman,2017-05-30,67.0568,7.216,20174,Disney+,337,Movie,0,0,0,0,0,0,0,0,0,0,0,0,0,0,0,0,1,1,1,0,0,0,0,0,0,0,0,2017-05-30,DIS,-1.070701847469338,1.084174594281918,-2.154876441751256
320288,Dark Phoenix,2019-06-05,66.8773,5.971,6655,Disney+,337,Movie,0,0,0,0,0,0,0,0,0,0,0,0,0,0,0,0,1,1,0,0,0,0,0,1,0,0,0,2019-06-05,DIS,1.5447898653760905,1.669769374502739,-0.12497950912664857
335988,Transformers: The Last Knight,2017-06-16,62.0324,6.053,6342,Disney+,337,Movie,0,0,0,0,0,0,0,0,0,0,0,0,0,0,0,0,1,1,0,0,0,0,0,1,0,0,0,2017-06-16,DIS,-0.1326814003640043,0.8347228657875202,-0.9674042661515245
671,Harry Potter and the Philosopher's Stone,2001-11-16,38.31,7.902,28137,Disney+,337,Movie,0,0,0,0,0,0,0,0,0,0,0,0,0,0,0,0,0,1,1,0,0,0,0,0,0,0,0,2001-11-16,DIS,3.564537941487144,1.0898901254644573,2.474647816022687
302946,The Accountant,2016-10-13,41.6163,7.1,6418,Disney+,337,Movie,0,0,0,1,0,1,0,0,0,0,0,0,0,0,0,0,0,0,0,0,0,0,0,0,0,1,0,2016-10-13,DIS,0.19755317001569597,0.020160447857308448,0.17739272215838753
829557,365 Days: This Day,2022-04-26,39.9386,5.897,1699,Disney+,337,Movie,0,0,0,0,0,1,0,0,0,0,0,0,0,0,0,0,0,0,0,0,0,0,1,0,0,0,0,2022-04-26,DIS,-3.5760540955438422,-1.0363579590705443,-2.5396961364732977
76600,Avatar: The Way of Water,2022-12-14,39.4832,7.611,12489,Disney+,337,Movie,0,0,0,0,0,0,0,0,0,0,0,0,0,0,0,0,1,1,0,0,0,0,0,1,0,0,0,2022-12-14,DIS,-4.3228869287865965,-3.578185439250793,-0.7447014895358035
76600,Avatar: The Way of Water,2022-12-14,39.4832,7.611,12489,Disney+,337,Movie,0,0,0,0,0,0,0,0,0,0,0,0,0,0,0,0,1,1,0,0,0,0,0,1,0,0,0,2022-12-14,DIS,-4.3228869287865965,-3.578185439250793,-0.7447014895358035
24428,The Avengers,2012-04-25,36.0158,7.741,31640,Disney+,337,Movie,0,0,0,0,0,0,0,0,0,0,0,0,0,0,0,0,1,1,0,0,0,0,0,1,0,0,0,2012-04-25,DIS,1.522277175216323,0.91106173763655,0.6112154375797731
1118031,Apocalypse Z: The Beginning of the End,2024-10-04,36.1285,6.718,1043,Disney+,337,Movie,0,0,0,0,0,1,0,0,0,0,0,0,0,0,0,0,1,0,0,0,1,0,0,0,0,0,0,2024-10-04,DIS,-2.9006845175078966,-0.9586022165882689,-1.9420823009196275
573435,Bad Boys: Ride or Die,2024-06-05,36.7483,7.385,2857,Disney+,337,Movie,0,0,1,1,0,0,0,0,0,0,0,0,0,0,0,0,1,1,0,0,0,0,0,0,0,1,0,2024-06-05,DIS,0.03941053490016756,-0.131481352620913,0.1708918875210806
808,Shrek,2001-05-18,36.4478,7.75,17619,Disney+,337,Movie,0,1,1,0,0,0,1,0,0,0,0,0,0,0,0,0,0,1,1,0,0,0,0,0,0,0,0,2001-05-18,DIS,5.153346704576099,1.6153747599146464,3.5379719446614524
371638,The Disaster Artist,2017-03-12,35.6685,7.107,3573,Disney+,337,Movie,0,0,1,0,0,1,0,0,0,0,0,0,0,0,0,0,0,0,0,0,0,0,0,0,0,0,0,2017-03-12,DIS,0.3138599882287136,0.4967427103789005,-0.18288272215018692
634649,Spider-Man: No Way Home,2021-12-15,37.1529,7.9,20696,Disney+,337,Movie,0,0,0,0,0,0,0,0,0,0,0,0,0,0,0,0,1,1,0,0,0,0,0,1,0,0,0,2021-12-15,DIS,-1.0904410036794128,-1.894114655196634,0.8036736515172211
374720,Dunkirk,2017-07-19,61.5608,7.45,16743,Disney+,337,Movie,0,0,0,0,0,1,0,0,0,0,0,0,0,0,0,0,1,0,0,0,0,0,0,0,0,0,1,2017-07-19,DIS,0.2527532180804441,-0.05214744027519321,0.3049006583556373
993710,Back in Action,2025-01-15,34.8999,6.461,1182,Disney+,337,Movie,0,0,1,0,0,0,0,0,0,0,0,0,0,0,0,0,1,0,0,0,0,0,0,0,0,0,0,2025-01-15,DIS,-1.07229031136717,0.7857261500140824,-1.8580164613812524
945961,Alien: Romulus,2024-08-13,34.3244,7.21,3555,Disney+,337,Movie,0,0,0,0,0,0,0,0,0,0,0,0,0,0,0,0,0,0,0,0,1,0,0,1,0,0,0,2024-08-13,DIS,4.322430251667217,2.2048277435366033,2.1176025081306133
339846,Baywatch,2017-05-25,48.7345,6.092,8173,Disney+,337,Movie,0,0,1,1,0,0,0,0,0,0,0,0,0,0,0,0,1,0,0,0,0,0,0,0,0,0,0,2017-05-25,DIS,1.062742675204157,0.03105499959715438,1.0316876756070028
603692,John Wick: Chapter 4,2023-03-22,35.1709,7.724,7004,Disney+,337,Movie,0,0,0,1,0,0,0,0,0,0,0,0,0,0,0,0,1,0,0,0,0,0,0,0,0,1,0,2023-03-22,DIS,-0.8640715816665574,0.8641168153277577,-1.728188396994315
206647,Spectre,2015-10-26,59.5264,6.558,10692,Disney+,337,Movie,0,0,0,0,0,0,0,0,0,0,0,0,0,0,0,0,1,1,0,0,0,0,0,0,0,1,0,2015-10-26,DIS,1.3389683444324327,0.8801736725166921,0.45879467191574064
385687,Fast X,2023-05-17,34.9789,7.045,5864,Disney+,337,Movie,0,0,0,1,0,0,0,0,1,0,0,0,0,0,0,0,1,1,0,0,0,0,0,0,0,1,0,2023-05-17,DIS,-1.530667125794927,0.7985524754081789,-2.3292196012031057
37799,The Social Network,2010-10-01,41.3365,7.369,12389,Disney+,337,Movie,0,0,0,0,0,1,0,0,0,0,0,0,0,0,0,0,0,0,0,0,0,0,0,0,0,0,0,2010-10-01,DIS,-0.599863227699948,-0.8034932488803511,0.20363002118040308
281957,The Revenant,2015-12-25,38.7044,7.534,18400,Disney+,337,Movie,0,0,0,0,0,1,0,0,0,0,0,0,0,0,0,1,0,1,0,0,0,0,0,0,0,0,0,2015-12-25,DIS,1.31305904810044,-0.217855994238203,1.530915042338643
450465,Glass,2019-01-16,60.6996,6.663,8632,Disney+,337,Movie,0,0,0,0,0,1,0,0,0,0,0,0,0,0,0,0,0,0,0,0,0,0,0,1,0,1,0,2019-01-16,DIS,0.11721064327341103,2.087453126513572,-1.970242483240161
1100782,Smile 2,2024-10-16,30.307,6.6,1462,Disney+,337,Movie,0,0,0,0,0,0,0,0,1,0,0,0,0,0,0,0,0,0,0,0,1,0,0,0,0,0,0,2024-10-16,DIS,0.547798055535116,0.37997124871681875,0.1678268068182972
777443,The Electric State,2025-03-07,32.2234,6.591,1069,Disney+,337,Movie,0,0,0,0,0,0,0,0,0,0,0,0,0,0,0,0,1,1,0,0,0,0,0,1,0,0,0,2025-03-07,DIS,-2.303099474908794,-2.6973091305425827,0.3942096556337886
38575,The Karate Kid,2010-06-10,47.5278,6.545,6132,Disney+,337,Movie,0,0,0,0,0,1,1,0,0,0,0,0,0,0,0,0,1,1,0,0,0,0,0,0,0,0,0,2010-06-10,DIS,0.38111531438601454,0.4379678623643818,-0.05685254797836725
426063,Nosferatu,2024-12-25,34.3835,6.701,2561,Disney+,337,Movie,0,0,0,0,0,0,0,0,0,0,0,0,0,0,0,0,0,0,1,0,1,0,0,0,0,0,0,2024-12-25,DIS,-0.8884939785742476,-1.1055736101235554,0.21707963154930776
693134,Dune: Part Two,2024-02-27,31.3996,8.147,6570,Disney+,337,Movie,0,0,0,0,0,0,0,0,0,0,0,0,0,0,0,0,0,1,0,0,0,0,0,1,0,0,0,2024-02-27,DIS,2.312198024126549,1.1598623976489486,1.1523356264776006
4348,Pride & Prejudice,2005-09-16,32.2952,8.067,8213,Disney+,337,Movie,0,0,0,0,0,1,0,0,0,0,0,0,0,0,0,0,0,0,0,0,0,0,1,0,0,0,0,2005-09-16,DIS,-0.8709951445776382,-0.5565844413728525,-0.3144107032047857
674,Harry Potter and the Goblet of Fire,2005-11-16,30.954,7.802,21130,Disney+,337,Movie,0,0,0,0,0,0,0,0,0,0,0,0,0,0,0,0,0,1,1,0,0,0,0,0,0,0,0,2005-11-16,DIS,-2.5145189415538427,1.3856335746958777,-3.9001525162497206
98,Gladiator,2000-05-04,32.0883,8.219,19606,Disney+,337,Movie,0,0,0,0,0,1,0,0,0,0,0,0,0,0,0,0,1,1,0,0,0,0,0,0,0,0,0,2000-05-04,DIS,-0.3149509353892496,1.6359641218557197,-1.9509150572449694
343668,Kingsman: The Golden Circle,2017-09-20,40.6075,6.958,10582,Disney+,337,Movie,0,0,1,1,0,0,0,0,0,0,0,0,0,0,0,0,1,1,0,0,0,0,0,1,0,1,0,2017-09-20,DIS,-0.614866941163863,-0.2400097101827755,-0.3748572309810875
299537,Captain Marvel,2019-03-06,42.3152,6.802,15986,Disney+,337,Movie,0,0,0,0,0,0,0,0,0,0,0,0,0,0,0,0,1,1,0,0,0,0,0,1,0,0,0,2019-03-06,DIS,-0.9055241362940268,-1.024008490591717,0.11848435429769022
346685,The Girl on the Train,2016-10-05,55.8767,6.4,5769,Disney+,337,Movie,0,0,0,1,0,1,0,0,1,0,0,0,0,0,0,0,0,0,0,0,0,0,0,0,0,1,0,2016-10-05,DIS,0.043262302920693364,-0.2773490338396343,0.32061133676032766
1011985,Kung Fu Panda 4,2024-03-02,31.0865,7.069,3051,Disney+,337,Movie,0,1,1,0,0,0,1,0,0,0,0,0,0,0,0,0,1,1,1,0,0,0,0,0,0,0,0,2024-03-02,DIS,-0.721249461493884,-1.0193100883444584,0.29806062685057433
402431,Wicked,2024-11-20,31.0272,6.931,2070,Disney+,337,Movie,0,0,0,0,0,1,0,0,0,0,0,0,0,0,0,0,0,0,1,0,0,0,1,0,0,0,0,2024-11-20,DIS,1.216521366989982,0.8826941137744331,0.33382725321554885
698687,Transformers One,2024-09-11,31.0749,8.1,1203,Disney+,337,Movie,0,1,0,0,0,0,1,0,0,0,0,0,0,0,0,0,0,1,0,0,0,0,0,1,0,0,0,2024-09-11,DIS,2.5249171164777042,1.2943546196356914,1.2305624968420128
673,Harry Potter and the Prisoner of Azkaban,2004-05-31,31.2266,8.012,22055,Disney+,337,Movie,0,0,0,0,0,0,0,0,0,0,0,0,0,0,0,0,0,1,1,0,0,0,0,0,0,0,0,2004-05-31,DIS,0.5453098870882435,-0.40670145576366346,0.9520113428519069
497698,Black Widow,2021-07-07,35.0884,7.209,10455,Disney+,337,Movie,0,0,0,0,0,0,0,0,0,0,0,0,0,0,0,0,1,1,0,0,0,0,0,1,0,0,0,2021-07-07,DIS,2.4418282038419967,0.26203720820798954,2.1797909956340074
294963,Bone Tomahawk,2015-10-23,35.0906,6.866,2298,Disney+,337,Movie,0,0,0,0,0,1,0,0,0,0,0,0,0,0,0,1,0,0,0,0,1,0,0,0,0,0,0,2015-10-23,DIS,0.3802358655726225,-0.19131006866738495,0.5715459342400074
569094,Spider-Man: Across the Spider-Verse,2023-05-31,30.3386,8.343,7498,Disney+,337,Movie,0,1,0,0,0,0,0,0,0,0,0,0,0,0,0,0,1,1,0,0,0,0,0,1,0,0,0,2023-05-31,DIS,3.1946264643731936,2.45321070823285,0.7414157561403436
346672,Underworld: Blood Wars,2016-11-24,45.9869,5.897,3738,Disney+,337,Movie,0,0,0,0,0,0,0,0,0,0,0,0,0,0,0,0,1,0,1,0,0,0,0,1,0,1,0,2016-11-24,DIS,0.5698925700642787,0.39143868916706737,0.17845388089721137
429200,Good Time,2017-08-11,43.0374,7.206,2882,Disney+,337,Movie,0,0,0,1,0,1,0,0,0,0,0,0,0,0,0,0,0,0,0,0,0,0,0,0,0,1,0,2017-08-11,DIS,-0.578475172288956,1.0043754544535421,-1.582850626742498
423204,Angel Has Fallen,2019-08-21,31.2489,6.592,3593,Disney+,337,Movie,0,0,0,0,0,0,0,0,0,0,0,0,0,0,0,0,1,0,0,0,0,0,0,0,0,1,0,2019-08-21,DIS,-3.012664238013226,-2.643928082604908,-0.36873615540831794
167073,Brooklyn,2015-10-20,32.4585,7.313,3119,Disney+,337,Movie,0,0,0,0,0,1,0,0,0,0,0,0,0,0,0,0,0,0,0,1,0,0,1,0,0,0,0,2015-10-20,DIS,2.9588504515060015,2.1853721684715404,0.7734782830344611
700391,65,2023-03-02,41.7966,5.976,2528,Disney+,337,Movie,0,0,0,0,0,0,0,0,0,0,0,0,0,0,0,0,1,1,0,0,0,0,0,1,0,0,0,2023-03-02,DIS,2.244237404805213,1.6147737160748878,0.6294636887303251
700391,65,2023-03-02,41.7966,5.976,2528,Disney+,337,Movie,0,0,0,0,0,0,0,0,0,0,0,0,0,0,0,0,1,1,0,0,0,0,0,1,0,0,0,2023-03-02,DIS,2.244237404805213,1.6147737160748878,0.6294636887303251
339967,Colossal,2017-04-06,37.3367,6.281,2119,Disney+,337,Movie,0,0,0,0,0,1,0,0,0,0,0,0,0,0,0,0,0,0,1,0,0,0,0,1,0,0,0,2017-04-06,DIS,-0.41575093469762386,-0.08271302020167395,-0.3330379144959499
