total_posts,total_comments,total_score,avg_upvote_ratio,name,release_date
14,166,655,0.7307142857142858,SAKAMOTO DAYS,2025-01-11
7,443,6705,0.7785714285714287,Dragon Ball DAIMA,2024-10-11
3,9,25,0.7600000000000001,Blue Box,2024-10-03
0,0,0,0.0,Who Saw the Peacock Dance in the Jungle?,2025-01-24
4,562,4854,0.5875,Hell for You,2025-01-14
0,0,0,0.0,Live from the Other Side with Tyler Henry,2024-09-17
12,126,193,0.6625,Orb: On the Movements of the Earth,2024-10-05
0,0,0,0.0,Babanba Banban Vampire,2025-01-11
0,0,0,0.0,Japan's Number One Jerk Salaryman,2025-01-09
0,0,0,0.0,The Hot Spot,2025-01-12
2,24,0,0.5,Kinnikuman Perfect Origin Arc,2024-07-14
5,173,170,0.646,Beauty in Black,2024-10-24
18,5860,38996,0.8905555555555554,Excellency,2025-01-28
0,0,0,0.0,Inheritance Detective,2025-01-25
2,0,0,0.4549999999999999,Queen of Tears,2024-03-09
2,248,91,0.945,The Breakthrough,2025-01-07
42,4625,9006,0.705952380952381,American Primeval,2025-01-09
6,75,122,0.7783333333333333,Jurassic World: Chaos Theory,2024-05-24
6,468,2130,0.635,Supersex,2024-03-06
1,22,1,0.55,Love Next Door,2024-08-17
37,2191,2306,0.6881081081081082,Black Doves,2024-12-05
69,11200,29143,0.6391304347826088,Avatar the Last Airbender,2024-02-22
176,22197,47553,0.6449431818181816,3 Body Problem,2024-03-21
70,8900,59363,0.7494285714285717,Monsters,2024-09-19
7,818,9310,0.5457142857142857,Dan Da Dan,2024-10-04
26,3773,4816,0.6419230769230769,The Walking Dead: The Ones Who Live,2024-02-25
0,0,0,0.0,Let's Talk About CHU,2024-02-02
4,20,43,0.7774999999999999,Bandidos,2024-03-13
7,507,325,0.5314285714285714,The Trauma Code: Heroes on Call,2025-01-24
31,2370,15758,0.8116129032258066,A Man on the Inside,2024-11-21
1,5,0,0.48,Raising Voices,2024-05-31
27,3654,6357,0.6855555555555555,Nobody Wants This,2024-09-26
0,0,0,0.0,When the Phone Rings,2024-11-22
10,615,3560,0.8710000000000001,One Hundred Years of Solitude,2024-12-11
6,167,143,0.7433333333333333,A Good Girl's Guide to Murder,2024-07-10
0,0,0,0.0,Miss Night and Day,2024-06-15
32,3618,4919,0.674375,KAOS,2024-08-29
19,2292,2150,0.751578947368421,The 8 Show,2024-05-17
36,3730,15735,0.6991666666666667,Eric,2024-05-30
21,358,573,0.7623809523809525,Parasyte: The Grey,2024-04-05
28,8750,28748,0.6824999999999999,The Madness,2024-11-28
0,0,0,0.0,Ranma1/2,2024-10-06
26,2151,1408,0.8011538461538462,Missing You,2025-01-01
17,2912,2759,0.7794117647058824,La Palma,2024-12-12
10,134,839,0.7270000000000001,Senna,2024-11-29
36,2166,6961,0.7613888888888889,The Gentlemen,2024-03-07
3,73,123,0.7166666666666668,Murder Mindfully,2024-10-31
20,1310,6896,0.6805,Terminator Zero,2024-08-29
1,5,7,1.0,The Cage,2024-11-08
24,1966,1631,0.6654166666666667,Twilight of the Gods,2024-09-19
2,64,53,0.93,The Secret of the River,2024-10-09
1,5,0,0.4,The Family Business: New Orleans,2025-01-23
55,4853,4569,0.7170909090909092,The Perfect Couple,2024-09-05
18,1118,589,0.7527777777777778,Supacell,2024-06-27
68,12772,20880,0.8639705882352943,Baby Reindeer,2024-04-11
10,826,266,0.727,The Accident,2024-08-21
60,4922,4292,0.6956666666666667,RIPLEY,2024-04-04
36,2748,4536,0.7861111111111111,One Day,2024-02-08
6,280,192,0.7633333333333332,Hierarchy,2024-06-07
32,2037,4940,0.7793749999999998,Dead Boy Detectives,2024-04-25
12,450,516,0.7658333333333335,House of Ninjas,2024-02-15
8,498,315,0.7137500000000001,A Killer Paradox,2024-02-09
4,202,393,0.875,Furies,2024-03-01
14,2163,1180,0.9064285714285713,The Asunta Case,2024-04-26
13,446,50,0.6838461538461539,The Signal,2024-03-07
0,0,0,0.0,Private Banker,2025-01-09
2,2,2,0.67,The Frog,2024-08-23
0,0,0,0.0,Hot Wheels Let's Race,2024-03-04
3,147,490,0.7366666666666667,Geek Girl,2024-05-30
2,96,0,0.435,Envious,2024-09-18
4,2112,1610,0.8724999999999999,Breathless,2024-08-30
2,64,0,0.29,Love Game in Eastern Fantasy,2024-11-01
15,448,1105,0.6466666666666666,Tomb Raider: The Legend of Lara Croft,2024-10-10
24,1548,2022,0.7233333333333333,Bodkin,2024-05-09
0,0,0,0.0,Mr. Plankton,2024-11-08
0,0,0,0.0,Anthracite,2024-04-10
5,2279,2062,0.9,The Double,2024-06-02
2,0,9,0.74,The Atypical Family,2024-05-04
10,944,983,0.8710000000000001,The Decameron,2024-07-25
0,0,0,0.0,Hound's Hill,2025-01-08
3,3,2,0.5633333333333334,Perfect Match,2025-01-25
2,27,2,0.44,Don't Come Home,2024-10-31
0,0,0,0.0,When the Stars Gossip,2025-01-04
13,326,980,0.7353846153846154,Jentry Chau vs the Underworld,2024-12-05
2,248,705,0.95,Exploding Kittens,2024-07-12
0,0,0,0.0,Golden Kamuy -The Hunt of Prisoners in Hokkaido-,2024-10-06
0,0,0,0.0,Bank Under Siege,2024-11-08
20,1788,4063,0.7365000000000002,No Good Deed,2024-12-12
1,38,0,0.38,Judge Dee's Mystery,2024-02-06
19,790,4465,0.7878947368421052,Mr. McMahon,2024-09-25
4,123,86,0.58,Testament: The Story of Moses,2024-03-27
1,8,0,0.47,Love of My Life,2024-04-16
17,1097,2122,0.6888235294117647,A Man in Full,2024-05-02
0,0,0,0.0,The Princess Royal,2024-06-26
12,301,230,0.7683333333333334,Turning Point: The Bomb and the Cold War,2024-03-12
2,343,99,0.605,The Fairly OddParents: A New Wish,2024-05-17
6,356,515,0.9066666666666666,Crooks,2024-04-04
0,0,0,0.0,The Last Night at Tremore Beach,2024-10-25
1,49,143,0.87,The Yara Gambirasio Case: Beyond Reasonable Doubt,2024-07-16
0,0,0,0.0,The Story of Pearl Girl,2024-11-01
2,8,0,0.48,Primos,2024-07-25
0,0,0,0.0,Gypsy Rose: Life After Lock Up,2024-06-03
11,332,419,0.5145454545454545,Your Friendly Neighborhood Spider-Man,2025-01-29
12,798,4182,0.7658333333333335,Doctor Who,2024-05-11
53,4775,21844,0.6124528301886792,Agatha All Along,2024-09-18
28,1831,7708,0.8239285714285715,Star Wars: Skeleton Crew,2024-12-02
8,332,119,0.775,Wizards Beyond Waverly Place,2024-10-29
117,9420,41308,0.7809401709401709,X-Men '97,2024-03-20
61,13078,10410,0.5699999999999998,The Acolyte,2024-06-04
9,82,124,0.818888888888889,Light Shop,2024-12-04
6,431,1706,0.92,Star Wars: Tales of the Empire,2024-05-04
10,38,256,0.8140000000000001,Dream Productions,2024-12-11
8,602,6367,0.9175,Invisible,2024-12-13
16,236,851,0.82625,Renegade Nell,2024-03-29
4,30,93,0.82,Are You Sure?!,2024-08-08
2,509,640,0.8049999999999999,Zombies: The Re-Animated Series,2024-06-28
15,388,867,0.762,Goosebumps: The Vanishing,2025-01-10
8,130,1175,0.7075,Iwájú,2024-02-28
0,0,0,0.0,Bluey Minisodes,2024-06-16
6,42,164,0.68,LEGO Star Wars: Rebuild the Galaxy,2024-09-13
0,0,0,0.0,Ayla and The Mirrors,2024-09-27
0,0,0,0.0,Morphle and the Magic Pets,2024-03-20
0,0,0,0.0,Selenkay,2024-08-21
0,0,0,0.0,OceanXplorers,2024-08-18
0,0,0,0.0,Secrets of the Octopus,2024-04-21
2,22,68,0.71,Kindergarten: The Musical!,2024-09-03
6,2498,4371,0.6733333333333333,Queens,2024-03-04
0,0,0,0.0,Náhradníci,2024-12-13
6,36,163,0.7599999999999999,LEGO Pixar: BrickToons,2024-09-04
0,0,0,0.0,Lost Treasures Of The Bible,2024-12-19
0,0,0,0.0,Tsunami: Race Against Time,2024-11-24
0,0,0,0.0,A Fan Celebration of Moana,2024-12-08
4,143,64,0.75,The Secret Score,2024-04-17
0,0,0,0.0,In the Arena: Serena Williams,2024-07-16
0,0,0,0.0,Wonderboys: The Secret Treasure of Naples,2024-12-06
7,1069,6779,0.8114285714285715,Pirates: Behind the Legends,2024-06-09
0,0,0,0.0,Arctic Ascent with Alex Honnold,2024-02-04
0,0,0,0.0,The Sound and the Syllable,2024-08-28
2,10,22,0.96,The Stanford Prison Experiment: Unlocking the Truth,2024-11-13
0,0,0,0.0,Inside the Enchanted Forests,2024-12-07
0,0,0,0.0,＜JUNG KOOK: I AM STILL＞ THE ORIGINAL,2024-12-03
0,0,0,0.0,Mickey and Minnie's Christmas Carols,2024-11-25
4,18,28,0.8975,Photographer,2024-03-18
1,62,3,0.52,World Eats Bread,2024-06-02
16,1549,6554,0.7768749999999999,Witches: Truth Behind the Trials,2024-09-29
0,0,0,0.0,To Catch a Smuggler: Tropical Takedown,2024-10-06
1,124,310,0.82,Fiennes: Return to the Wild,2024-05-26
1,2,8,0.66,The Beauty Queen Killer: 9 Days of Terror,2024-05-16
0,0,0,0.0,Outrageous Love With Nene Leakes,2024-07-01
7,88,45,0.4314285714285715,Prince William: We Can End Homelessness,2024-11-15
1,2,0,0.46,Mickey's Spooky Stories,2024-10-01
0,0,0,0.0,Find My Country House,2024-06-15
0,0,0,0.0,Erased: WW2's Heroes of Color,2024-05-27
0,0,0,0.0,SuperKitties: Su-Purr Adventures (Shorts),2024-08-08
0,0,0,0.0,Me Hereafter,2024-02-29
0,0,0,0.0,Clutch: The NBA Playoffs,2024-10-07
0,0,0,0.0,So You're Raising a Warrior,2024-07-01
1,364,992,0.88,Are You Sure?! Behind,2024-09-30
0,0,0,0.0,Music in Joy,2024-08-09
0,0,0,0.0,Shark Attack 360,2024-07-02
0,0,0,0.0,Rachael Ray's Meals in Minutes,2024-04-15
0,0,0,0.0,My Best Friend's An Animal,2024-02-17
2,17,0,0.3249999999999999,A Piece of My Mind,2024-07-19
0,0,0,0.0,Ariel: Mermaid Tales,2024-06-08
0,0,0,0.0,48 Hours To Buy,2024-03-30
0,0,0,0.0,Tryouts,2024-04-10
0,0,0,0.0,Amaran,2024-10-31
2,39,92,0.88,Venom: The Last Dance,2024-10-22
0,0,0,0.0,Despicable Me 4,2024-06-20
12,342,286,0.6316666666666667,Back in Action,2025-01-15
0,0,0,0.0,Devara : Part 1,2024-09-26
2,13,16,0.52,Death Whisperer 2,2024-10-10
0,0,0,0.0,Bad Boys: Ride or Die,2024-06-05
11,481,1099,0.6790909090909091,Dune: Part Two,2024-02-27
0,0,0,0.0,Emilia Pérez,2024-08-21
0,0,0,0.0,Aftermath,2024-09-27
38,3147,3184,0.7539473684210528,Carry-On,2024-12-05
5,171,715,0.632,Wallace & Gromit: Vengeance Most Fowl,2024-12-18
1,7,0,0.38,Kung Fu Panda 4,2024-03-02
2,61,143,0.63,Kingdom IV: Return of the Great General,2024-07-12
20,4100,44896,0.7754999999999999,Here,2024-10-30
0,0,0,0.0,Furiosa: A Mad Max Saga,2024-05-22
0,0,0,0.0,The Garfield Movie,2024-04-30
0,0,0,0.0,Godzilla x Kong: The New Empire,2024-03-27
4,79,56,0.5850000000000001,The Watchers,2024-06-06
6,32,69,0.5816666666666667,Maria,2024-11-27
4,8,49,0.8150000000000001,Woman of the Hour,2024-10-03
0,0,0,0.0,Spellbound,2024-11-22
18,1495,1292,0.8066666666666666,The Platform 2,2024-09-27
0,0,0,0.0,Subservience,2024-08-15
2,86,55,0.985,Ferry 2,2024-12-19
20,1786,1621,0.685,Damsel,2024-03-07
2,107,148,0.59,It Ends with Us,2024-08-07
4,144,70,0.5625,Afraid,2024-08-28
0,0,0,0.0,Los dos hemisferios de Lucca,2025-01-30
3,391,208,0.5966666666666667,Ghostbusters: Frozen Empire,2024-03-20
1,31,26,0.67,The Love Scam,2025-01-01
8,407,646,0.70125,Don't Move,2024-10-24
6,44,82,0.7583333333333333,A Family Affair,2024-06-27
0,0,0,0.0,Land of Bad,2024-02-09
0,0,0,0.0,GTMAX,2024-11-19
12,966,326,0.6241666666666666,Our Little Secret,2024-11-27
1,24,0,0.42,The Children's Train,2024-10-21
4,82,26,0.765,Trap,2024-07-31
2,36,36,0.855,Meet Me Next Christmas,2024-11-05
6,520,6027,0.6449999999999999,Sing: Thriller,2024-10-15
2,14,3,0.5449999999999999,Hit Man,2024-05-16
0,0,0,0.0,Ad Vitam,2025-01-09
2,2,8,0.835,The Shadow Strays,2024-09-10
26,2768,747,0.5253846153846153,Atlas,2024-05-23
1,692,599,0.91,Horizon: An American Saga - Chapter 1,2024-06-26
4,42,13,0.6675,Find Me Falling,2024-07-18
0,0,0,0.0,Wicked Little Letters,2024-02-23
0,0,0,0.0,Maharaja,2024-06-14
0,0,0,0.0,Tarot,2024-05-01
2,118,13,0.44,Art of Love,2024-03-13
1,2,3,0.6,Irish Wish,2024-03-14
22,515,346,0.7081818181818181,That Christmas,2024-11-27
0,0,0,0.0,Number 24,2024-10-30
2,10,27,0.7949999999999999,The Six Triple Eight,2024-12-06
12,952,3388,0.6150000000000001,Mary,2024-12-12
11,719,321,0.7209090909090908,Hot Frosty,2024-11-12
13,581,385,0.7030769230769232,Under Paris,2024-06-04
1,27,1,0.5,Madame Web,2024-02-14
6,408,5268,0.7683333333333332,Let Go,2024-11-01
8,38,45,0.55875,Rebel Ridge,2024-08-27
10,234,3014,0.889,Joy,2024-11-15
2,40,0,0.17,The Merry Gentlemen,2024-11-20
0,0,0,0.0,Drawing Closer,2024-06-26
1,98,0,0.22,The Forge,2024-08-22
8,65,12,0.50625,The Bad Guys: Haunted Heist,2024-10-02
0,0,0,0.0,Kill 'em All 2,2024-09-24
18,3724,35173,0.8155555555555557,Trouble,2024-10-02
17,1693,11022,0.7270588235294118,Time Cut,2024-10-29
22,1356,1324,0.7613636363636366,Outside,2024-10-16
22,7256,1343,0.579090909090909,Rebel Moon - Part Two: The Scargiver,2024-04-19
6,26,79,0.7033333333333335,Uprising,2024-10-02
0,0,0,0.0,Daddio,2024-06-27
1,4,8,0.9,Family Pack,2024-10-22
0,0,0,0.0,House of Ga'a,2024-07-26
3,3,16,0.8333333333333334,Through My Window 3: Looking at You,2024-02-23
6,4014,22623,0.9366666666666666,Justice,2024-10-15
0,0,0,0.0,Kalki 2898-AD,2024-06-26
4,282,1839,0.86,Saturday Night,2024-09-27
5,51,23,0.666,The Union,2024-08-15
2,2,7,0.69,Lonely Planet,2024-10-10
4,206,41,0.705,Mission: Cross,2024-08-08
0,0,0,0.0,Harold and the Purple Crayon,2024-07-31
14,733,406,0.4692857142857143,The Menendez Brothers,2024-10-07
4,20,39,0.8125,Officer Black Belt,2024-09-12
10,76,65,0.641,Beverly Hills Cop: Axel F,2024-06-20
22,1246,3207,0.5686363636363637,Uglies,2024-09-12
0,0,0,0.0,Blame the Game,2024-07-03
0,0,0,0.0,Baki Hanma VS Kengan Ashura,2024-06-05
0,0,0,0.0,The Tearsmith,2024-04-03
0,0,0,0.0,His Three Daughters,2024-09-05
18,734,331,0.755,Incoming,2024-08-22
2,10,7,0.71,The Deliverance,2024-08-16
0,0,0,0.0,Kneecap,2024-08-02
4,74,126,0.9425,Orion and the Dark,2024-02-01
12,564,307,0.6491666666666668,Trigger Warning,2024-06-20
0,0,0,0.0,Non Negotiable,2024-07-25
0,0,0,0.0,The Wages of Fear,2024-03-28
2,16,3,0.515,Outlaw,2024-06-20
1,3,2,1.0,The Beautiful Game,2024-03-22
0,0,0,0.0,My Name Is Loh Kiwan,2024-02-19
0,0,0,0.0,Moana 2,2024-11-21
0,0,0,0.0,Deadpool & Wolverine,2024-07-24
4,267,271,0.7075,Inside Out 2,2024-06-11
2,23,1,0.515,"Miraculous World, London: At the Edge of Time",2024-11-14
10,66,111,0.7060000000000001,Descendants: The Rise of Red,2024-07-11
2,8,0,0.39,Young Woman and the Sea,2024-05-31
3,9,72,0.9633333333333332,LEGO Marvel Avengers: Mission Demolition,2024-10-17
0,0,0,0.0,An Almost Christmas Story,2024-10-14
5,26,131,0.792,Music by John Williams,2024-11-01
0,0,0,0.0,Mickey and the Very Many Christmases,2024-12-01
2,14,108,0.935,May the 12th Be with You,2024-05-09
0,0,0,0.0,BRATS,2024-06-07
11,145,161,0.7927272727272726,Big City Greens the Movie: Spacecation,2024-06-06
4,47,109,0.5875,The Most Wonderful Time of the Year,2024-10-11
6,308,271,0.8033333333333333,Self,2024-02-01
0,0,0,0.0,Sugarcane,2024-08-09
0,0,0,0.0,The Last Repair Shop,2024-02-16
0,0,0,0.0,Jim Henson Idea Man,2024-05-18
1,96,183,0.85,Elton John: Never Too Late,2024-11-15
6,20,191,0.8766666666666666,Beatles '64,2024-11-28
2,20,104,0.91,The Beach Boys,2024-05-21
0,0,0,0.0,Nǎi Nai & Wài Pó,2024-02-16
0,0,0,0.0,D.I.Y. Duck,2024-06-08
6,94,10,0.6733333333333333,Blink,2024-10-04
7,95,569,0.8128571428571428,Marvel Studios Assembled: The Making of Deadpool & Wolverine,2024-11-12
0,0,0,0.0,The Devil's Climb,2024-10-17
0,0,0,0.0,Lore Of The Ring Light,2025-01-21
0,0,0,0.0,Expedition Amazon,2024-10-10
1,3,0,0.35,Carrie Underwood: Reflection,2025-01-24
0,0,0,0.0,Road Diary: Bruce Springsteen and The E Street Band,2024-09-08
10,774,5792,0.89,Tiger,2024-04-21
2,2,52,0.93,Tigers on the Rise,2024-04-21
0,0,0,0.0,Billy & Molly: An Otter Love Story,2024-03-09
0,0,0,0.0,Marvel Studios Assembled: The Making of The Marvels,2024-02-06
2,247,380,0.74,Marvel Studios Assembled: The Making of X-Men '97,2024-05-21
0,0,0,0.0,Protecting Paradise: The Story of Niue,2024-06-07
2,51,0,0.25,The Untold Story of Mary Poppins: A Special Edition of 20/20,2024-11-27
0,0,0,0.0,The New York Sack Exchange,2024-12-13
6,121,1344,0.7583333333333333,Doctor Who: Joy to the World,2024-12-25
12,3256,2634,0.8266666666666667,Fly,2024-09-02
0,0,0,0.0,The Last Verse,2024-11-27
2,156,28,0.835,2024 Rock & Roll Hall of Fame Induction Ceremony,2024-10-19
3,230,315,0.6433333333333334,Inside Out 2: A Special Look,2024-07-15
0,0,0,0.0,La Cena Está Servida,2024-12-04
0,0,0,0.0,Madu,2024-02-07
0,0,0,0.0,SEVENTEEN TOUR 'FOLLOW' AGAIN TO CINEMAS,2024-08-14
0,0,0,0.0,Bruce Springsteen: Backstage and Backstreets,2024-10-20
0,0,0,0.0,John Williams in Tokyo,2024-05-03
0,0,0,0.0,Clotilda: The Return Home,2024-06-17
0,0,0,0.0,The Real Red Tails,2024-06-03
1,198,0,0.28,EPCOT Becoming: Inside the Transformation,2024-04-29
7,112,835,0.7585714285714287,Iwájú: A Day Ahead,2024-02-27
0,0,0,0.0,Motorcycle Mary,2024-06-07
6,1201,1012,0.5866666666666667,For the First Time in Forever: The Making of World of Frozen,2024-06-06
0,0,0,0.0,Rhythm Masters: A Mickey Hart Experience,2024-08-14
2,29,8,0.71,Dude Perfect: A Very Long Shot,2024-08-03
0,0,0,0.0,Shark Beach with Anthony Mackie,2024-06-30
0,0,0,0.0,Operation Arctic Cure,2024-02-19
0,0,0,0.0,Supersized Sharks,2024-06-30
0,0,0,0.0,No Scope: The Story of FaZe Clan,2024-07-01
0,0,0,0.0,Attack of the Red Sea Sharks,2024-06-30
0,0,0,0.0,Baby Sharks in the City,2024-06-30
1,11,21,0.67,Sharks Gone Viral,2024-06-30
0,0,0,0.0,Shark vs. Ross Edgley,2024-06-30
1,3,0,0.31,NHL Big City Greens Classic 2,2024-03-09
0,0,0,0.0,Lainey Wilson: Bell Bottom Country,2024-05-29
0,0,0,0.0,Michael Strahan x Jon Bon Jovi: Halfway There,2024-04-28
0,0,0,0.0,Sins of the Parents: The Crumbley Trials,2024-04-18
0,0,0,0.0,"An Oprah Special: Shame, Blame and the Weight Loss Revolution",2024-03-18
0,0,0,0.0,Endurance,2024-10-14
