Date,Ticker,Adj Close,Close,High,Low,Open,Volume,Daily_Return
2024-01-25,DIS,94.00782012939452,94.86000061035156,94.94000244140624,93.75,93.91999816894533,8661600,
2024-01-26,DIS,94.50333404541016,95.36000061035156,95.52999877929688,94.6999969482422,95.0,7812800,0.5270986130021749
2024-01-29,DIS,96.61419677734376,97.48999786376952,97.5,95.0,95.41999816894533,13422200,2.2336383718687625
2024-01-30,DIS,96.0691375732422,96.94000244140624,97.54000091552734,96.01000213623048,96.5199966430664,9139600,-0.5641605708917696
2024-01-31,DIS,95.18712615966795,96.0500030517578,97.56999969482422,95.80999755859376,96.41999816894533,9592300,-0.9181006885814692
2024-02-01,DIS,96.18804931640624,97.05999755859376,97.93000030517578,95.9000015258789,96.37000274658205,8484800,1.0515320685901663
2024-02-02,DIS,96.2574234008789,97.12999725341795,97.41000366210938,95.81999969482422,96.27999877929688,9319100,0.072123392631096
2024-02-05,DIS,95.78173828125,96.6500015258789,97.37000274658205,96.48999786376952,96.6999969482422,11679300,-0.4941801918464383
2024-02-06,DIS,98.39802551269533,99.29000091552734,99.31999969482422,96.79000091552734,96.91999816894533,16455500,2.7315094488710834
2024-02-07,DIS,98.2493667602539,99.13999938964844,99.27999877929688,96.63999938964844,97.38999938964844,28886300,-0.1510789994685679
2024-02-08,DIS,109.54695892333984,110.54000091552734,112.7699966430664,106.8000030517578,107.08000183105467,60558400,11.498895652583796
2024-02-09,DIS,107.41627502441406,108.38999938964844,110.1500015258789,107.69000244140624,109.5999984741211,21509100,-1.944995935867844
2024-02-12,DIS,108.30818939208984,109.29000091552734,111.05999755859376,107.83000183105467,107.87999725341795,13424000,0.8303344790843603
2024-02-13,DIS,109.4676742553711,110.45999908447266,110.6500015258789,108.20999908447266,108.27999877929688,14594500,1.0705421905667478
2024-02-14,DIS,110.55779266357422,111.55999755859376,111.68000030517578,109.66999816894533,110.58000183105467,11405500,0.995835908288356
2024-02-15,DIS,111.4397964477539,112.4499969482422,112.91999816894533,111.08000183105467,111.08000183105467,9961900,0.797776224479807
2024-02-16,DIS,110.5974349975586,111.5999984741211,112.55999755859376,111.16000366210938,112.0199966430664,8779400,-0.7558892577394838
2024-02-20,DIS,108.45684051513672,109.44000244140624,111.12999725341795,109.3499984741211,110.8499984741211,9770900,-1.935482936353028
2024-02-21,DIS,106.7027359008789,107.66999816894533,109.22000122070312,107.23999786376952,108.4800033569336,10454400,-1.6173296270907025
2024-02-22,DIS,106.67301177978516,107.63999938964844,108.48999786376952,107.41000366210938,107.98999786376952,9266200,-0.0278569437257569
2024-02-23,DIS,106.77210998535156,107.73999786376952,108.0,105.83000183105467,107.56999969482422,11724000,0.0928990415785646
2024-02-26,DIS,106.712646484375,107.68000030517578,108.76000213623048,107.37999725341795,107.5199966430664,8694200,-0.0556919789116427
2024-02-27,DIS,108.43701934814452,109.41999816894533,109.58000183105467,107.77999877929688,107.77999877929688,7595000,1.6159030073553904
2024-02-28,DIS,109.80462646484376,110.8000030517578,111.04000091552734,108.66000366210938,108.77999877929688,10773000,1.261199473132346
2024-02-29,DIS,110.57762145996094,111.58000183105467,112.75,110.97000122070312,111.13999938964844,11658300,0.7039730656200227
2024-03-01,DIS,110.9442901611328,111.9499969482422,112.1500015258789,111.02999877929688,111.44000244140624,7240100,0.3315939485139418
2024-03-04,DIS,112.66866302490234,113.69000244140624,114.12999725341795,111.8000030517578,112.66999816894533,11558900,1.5542691392816057
2024-03-05,DIS,111.85602569580078,112.87000274658205,115.19000244140624,112.2699966430664,113.61000061035156,14929600,-0.7212629557181716
2024-03-06,DIS,109.0712661743164,110.05999755859376,113.3000030517578,109.25,113.08000183105467,14743900,-2.489592763699377
2024-03-07,DIS,109.19019317626952,110.18000030517578,111.08000183105467,109.1999969482422,110.6999969482422,8609300,0.1090360514959698
2024-03-08,DIS,109.32893371582033,110.31999969482422,111.30999755859376,109.33999633789062,110.18000030517578,10004800,0.1270631871919114
2024-03-11,DIS,111.30105590820312,112.30999755859376,112.91000366210938,110.02999877929688,110.08999633789062,8794300,1.8038428852777064
2024-03-12,DIS,111.44970703125,112.45999908447266,112.9499969482422,111.63999938964844,112.5199966430664,8085000,0.1335576934413662
2024-03-13,DIS,111.48934936523438,112.5,114.12999725341795,112.44000244140624,112.73999786376952,7267900,0.035569706767613
2024-03-14,DIS,111.05329895019533,112.05999755859376,112.3499984741211,109.51000213623048,111.73999786376952,10520500,-0.3911139651650352
2024-03-15,DIS,110.9442901611328,111.9499969482422,112.95999908447266,111.4000015258789,111.5999984741211,15362600,-0.0981589832026452
2024-03-18,DIS,112.82721710205078,113.8499984741211,114.43000030517578,112.29000091552734,112.29000091552734,11820800,1.6971823770139505
2024-03-19,DIS,113.48129272460938,114.51000213623048,115.16999816894533,113.23999786376952,113.41000366210938,10999700,0.5797143981376429
2024-03-20,DIS,115.4137725830078,116.45999908447266,116.51000213623048,114.36000061035156,114.61000061035156,11699600,1.7029061019670166
2024-03-21,DIS,115.65161895751952,116.6999969482422,117.36000061035156,115.86000061035156,116.98999786376952,10353500,0.2060814486768869
2024-03-22,DIS,114.8290786743164,115.87000274658205,117.66000366210938,115.83999633789062,116.91999816894533,7133800,-0.7112224546594992
2024-03-25,DIS,118.28772735595705,119.36000061035156,119.41000366210938,116.87000274658205,116.97000122070312,12103600,3.0119972410910023
2024-03-26,DIS,118.85260772705078,119.93000030517578,120.4000015258789,118.19000244140624,119.62999725341795,11870000,0.4775477420357221
2024-03-27,DIS,119.8931655883789,120.9800033569336,122.02999877929688,120.0199966430664,120.95999908447266,10782800,0.8755027602909582
2024-03-28,DIS,121.26077270507812,122.36000061035156,123.73999786376952,121.1999969482422,121.25,15367400,1.1406881367988395
2024-04-01,DIS,120.43822479248048,121.52999877929688,122.4000015258789,120.77999877929688,122.05999755859376,8419700,-0.6783297634084806
2024-04-02,DIS,121.71663665771484,122.81999969482422,123.52999877929688,120.16000366210938,120.22000122070312,15517100,1.0614668785073222
2024-04-03,DIS,117.91114044189452,118.9800033569336,123.69000244140624,118.37999725341795,122.2699966430664,22480400,-3.1265210083991524
2024-04-04,DIS,116.0381088256836,117.08999633789062,120.19000244140624,116.95999908447266,119.22000122070312,13815400,-1.5885111527133011
2024-04-05,DIS,117.31652069091795,118.37999725341795,118.86000061035156,116.3000030517578,116.5999984741211,9651500,1.101717253212775
2024-04-08,DIS,116.2957763671875,117.3499984741211,118.5199966430664,116.81999969482422,118.0199966430664,6266000,-0.8700772216214347
2024-04-09,DIS,116.91020965576172,117.97000122070312,118.51000213623048,116.88999938964844,117.37999725341795,7455400,0.5283367184670817
2024-04-10,DIS,116.13722229003906,117.19000244140624,117.55999755859376,116.37000274658205,116.5999984741211,6746300,-0.6611803776579439
2024-04-11,DIS,116.09757995605467,117.1500015258789,118.27999877929688,116.37000274658205,117.58999633789062,6559400,-0.0341340469512618
2024-04-12,DIS,112.98578643798828,114.01000213623048,116.6999969482422,113.7300033569336,116.38999938964844,12146000,-2.680325911396497
2024-04-15,DIS,111.935302734375,112.9499969482422,115.5500030517578,112.7699966430664,114.87999725341795,9637100,-0.9297485433619856
2024-04-16,DIS,112.85694885253906,113.87999725341795,114.5,112.5199966430664,112.81999969482422,9291400,0.8233739451718458
2024-04-17,DIS,111.92539978027344,112.94000244140624,114.20999908447266,112.88999938964844,114.0,7379000,-0.8254246475179916
2024-04-18,DIS,111.41998291015624,112.43000030517578,114.25,112.19000244140624,113.18000030517578,8235600,-0.4515658385937371
2024-04-19,DIS,111.5983657836914,112.61000061035156,112.72000122070312,111.08000183105467,111.72000122070312,9407800,0.160099534101521
2024-04-22,DIS,110.9839324951172,111.98999786376952,113.63999938964844,111.75,113.0999984741211,6901700,-0.5505755252412592
2024-04-23,DIS,112.6884765625,113.70999908447266,114.23999786376952,112.8000030517578,112.83000183105467,6839300,1.535847603397733
2024-04-24,DIS,112.89659118652344,113.91999816894533,114.18000030517578,113.13999938964844,113.13999938964844,6157200,0.1846813714869943
2024-04-25,DIS,111.75691986083984,112.7699966430664,112.88999938964844,110.38999938964844,111.22000122070312,8045900,-1.0094824951806358
2024-04-26,DIS,111.71728515625,112.7300033569336,113.0199966430664,111.31999969482422,111.8499984741211,6304800,-0.0354651010775808
2024-04-29,DIS,111.07312774658205,112.08000183105467,113.87999725341795,110.33999633789062,113.04000091552734,7151200,-0.576596010874264
2024-04-30,DIS,110.10192108154295,111.0999984741211,112.04000091552734,110.8000030517578,112.0,8156600,-0.8743849072611942
2024-05-01,DIS,109.4875030517578,110.4800033569336,111.98999786376952,110.20999908447266,111.29000091552734,6338400,-0.5580447859126036
2024-05-02,DIS,111.6082763671875,112.62000274658205,112.87000274658205,110.55999755859376,111.43000030517578,6799800,1.937000348274576
2024-05-03,DIS,112.6389389038086,113.66000366210938,114.11000061035156,112.8000030517578,113.54000091552734,7411100,0.9234642538786808
2024-05-06,DIS,115.4236831665039,116.47000122070312,116.94000244140624,114.1500015258789,114.8000030517578,16303200,2.472274943102426
2024-05-07,DIS,104.44322204589844,105.38999938964844,107.87999725341795,104.20999908447266,107.25,55084600,-9.513178595042447
2024-05-08,DIS,104.4927749633789,105.44000244140624,106.4800033569336,104.44000244140624,104.9000015258789,15238100,0.0474448379797154
2024-05-09,DIS,104.84954833984376,105.8000030517578,106.12999725341795,104.38999938964844,104.62000274658205,15096000,0.3414335360410137
2024-05-10,DIS,104.83963012695312,105.79000091552734,107.0199966430664,105.41999816894533,106.91999816894533,15884600,-0.009459471259221
2024-05-13,DIS,104.8792724609375,105.83000183105467,106.63999938964844,105.58999633789062,105.58999633789062,9666400,0.037812355820388
2024-05-14,DIS,104.4035873413086,105.3499984741211,105.98999786376952,104.9499969482422,105.3000030517578,11278400,-0.4535549384232062
2024-05-15,DIS,101.84675598144533,102.7699966430664,105.87999725341795,101.38999938964844,105.62000274658205,20745600,-2.4489880328581792
2024-05-16,DIS,102.44136810302734,103.37000274658205,104.02999877929688,102.83999633789062,103.04000091552734,9476700,0.5838302023977615
2024-05-17,DIS,102.32244873046876,103.25,103.81999969482422,103.04000091552734,103.62999725341795,7356000,-0.1160853029988806
2024-05-20,DIS,101.97559356689452,102.9000015258789,103.66999816894533,102.5199966430664,103.33000183105467,7667400,-0.3389824695144705
2024-05-21,DIS,102.08460235595705,103.01000213623048,103.6999969482422,102.72000122070312,102.98999786376952,7333300,0.1068969399927954
2024-05-22,DIS,102.09451293945312,103.0199966430664,103.83000183105467,102.75,102.9800033569336,7190300,0.009708206004988
2024-05-23,DIS,99.75572204589844,100.66000366210938,103.01000213623048,100.2699966430664,102.9800033569336,10504000,-2.2908095902682835
2024-05-24,DIS,100.84583282470705,101.76000213623048,102.08999633789062,100.69000244140624,100.8499984741211,6447600,1.092780199923804
2024-05-28,DIS,101.51972198486328,102.44000244140624,102.86000061035156,100.9499969482422,101.36000061035156,7813100,0.6682369923282971
2024-05-29,DIS,99.9737319946289,100.87999725341795,102.08000183105467,100.7699966430664,101.76000213623048,7376300,-1.5228469503343225
2024-05-30,DIS,100.78636932373048,101.6999969482422,102.06999969482422,100.97000122070312,101.13999938964844,7303700,0.8128508488061792
2024-05-31,DIS,102.9765167236328,103.91000366210938,104.08000183105467,101.41000366210938,101.5199966430664,14735800,2.17305912952126
2024-06-03,DIS,101.84675598144533,102.7699966430664,104.22000122070312,102.4800033569336,104.16999816894533,6908600,-1.0971052217852106
2024-06-04,DIS,102.40172576904295,103.33000183105467,103.48999786376952,101.62999725341795,102.11000061035156,7269100,0.5449066906939803
2024-06-05,DIS,100.58817291259766,101.5,103.08000183105467,101.02999877929688,103.0,10796900,-1.771017864030533
2024-06-06,DIS,100.30076599121094,101.20999908447266,101.93000030517578,100.80999755859376,101.0500030517578,10294700,-0.2857263563544876
2024-06-07,DIS,100.62781524658205,101.54000091552734,102.2699966430664,100.5500030517578,100.86000061035156,6047800,0.3260685520584783
2024-06-10,DIS,101.81703186035156,102.73999786376952,102.8499984741211,100.63999938964844,101.25,7633100,1.1817971113209813
2024-06-11,DIS,99.96382904052734,100.87000274658205,102.87999725341795,100.73999786376952,102.63999938964844,9134200,-1.820130469297121
2024-06-12,DIS,99.89445495605467,100.8000030517578,101.69000244140624,100.25,101.1999969482422,9041800,-0.0693991868243926
2024-06-13,DIS,99.19083404541016,100.08999633789062,101.06999969482422,99.61000061035156,100.61000061035156,10164600,-0.7043643322885762
2024-06-14,DIS,99.07191467285156,99.97000122070312,100.37999725341795,99.25,99.80999755859376,7087600,-0.1198894773927872
2024-06-17,DIS,100.60798645019533,101.5199966430664,101.91999816894533,100.62000274658205,100.9800033569336,10389000,1.5504613819325774
2024-06-18,DIS,100.58817291259766,101.5,101.76000213623048,100.61000061035156,101.12000274658205,7044700,-0.0196938019502712
2024-06-20,DIS,100.92510986328124,101.83999633789062,101.94000244140624,100.37999725341795,100.56999969482422,7886900,0.3349667668945066
2024-06-21,DIS,101.35124206542967,102.2699966430664,102.54000091552734,101.58999633789062,101.8000030517578,14144900,0.422226146422533
2024-06-24,DIS,101.06385803222656,101.9800033569336,103.08000183105467,101.91000366210938,102.25,7393600,-0.283552551845001
2024-06-25,DIS,101.2818832397461,102.1999969482422,103.68000030517578,101.7699966430664,102.66000366210938,10343700,0.2157301450435467
2024-06-26,DIS,101.2620620727539,102.18000030517578,102.37000274658205,101.43000030517578,101.9000015258789,10122300,-0.0195702986142798
2024-06-27,DIS,101.2521514892578,102.16999816894533,102.27999877929688,101.80999755859376,102.04000091552734,8365200,-0.0097870646649234
2024-06-28,DIS,98.39802551269533,99.29000091552734,102.58000183105467,98.37999725341795,102.0199966430664,21439400,-2.818829955297597
2024-07-01,DIS,97.15925598144533,98.04000091552734,99.73999786376952,97.87999725341795,99.4000015258789,15299000,-1.2589373870008913
2024-07-02,DIS,97.10970306396484,97.98999786376952,97.98999786376952,96.9499969482422,97.94000244140624,13340300,-0.0510017465447987
2024-07-03,DIS,97.72412872314452,98.61000061035156,99.08000183105467,97.83000183105467,97.83999633789062,5030000,0.6327129419549049
2024-07-05,DIS,97.10970306396484,97.98999786376952,98.30999755859376,97.58000183105467,98.30999755859376,8550800,-0.6287348551557548
2024-07-08,DIS,96.9404525756836,97.37000274658205,98.29000091552734,96.88999938964844,97.69000244140624,8167600,-0.1742879268920916
2024-07-09,DIS,96.62186431884766,97.0500030517578,97.52999877929688,96.1500015258789,97.47000122070312,9044400,-0.3286432530188676
2024-07-10,DIS,96.5422134399414,96.97000122070312,97.27999877929688,96.25,96.9499969482422,7761100,-0.0824356676077053
2024-07-11,DIS,96.17384338378906,96.5999984741211,97.58000183105467,96.3000030517578,97.01000213623048,7422600,-0.3815637150079487
2024-07-12,DIS,96.70150756835938,97.12999725341795,97.83000183105467,96.9800033569336,97.0999984741211,6465700,0.5486566471765375
2024-07-15,DIS,96.44265747070312,96.87000274658205,97.48999786376952,96.5999984741211,97.33000183105467,7417700,-0.2676794852171982
2024-07-16,DIS,98.0355987548828,98.47000122070312,98.72000122070312,96.54000091552734,97.0199966430664,10755500,1.651697833672383
2024-07-17,DIS,96.8807144165039,97.30999755859376,98.61000061035156,96.52999877929688,98.3000030517578,9456100,-1.1780254856875505
2024-07-18,DIS,96.36300659179688,96.79000091552734,98.05999755859376,96.68000030517578,97.36000061035156,7529400,-0.534376555566396
2024-07-19,DIS,95.31764221191406,95.73999786376952,96.81999969482422,95.44000244140624,96.81999969482422,9301000,-1.084819182023944
2024-07-22,DIS,93.7147445678711,94.12999725341795,95.16000366210938,93.48999786376952,95.11000061035156,13377000,-1.681637949540693
2024-07-23,DIS,90.538818359375,90.94000244140624,91.69000244140624,89.83000183105469,90.6999969482422,22534700,-3.388929056084644
2024-07-24,DIS,89.40384674072266,89.80000305175781,90.75,89.58000183105469,90.22000122070312,11768500,-1.2535745873635262
2024-07-25,DIS,88.81644439697266,89.20999908447266,90.5,89.20999908447266,90.08000183105467,10765300,-0.657021330920482
2024-07-26,DIS,89.53327178955078,89.93000030517578,90.5500030517578,89.33999633789062,90.0,11301900,0.8070885942857764
2024-07-29,DIS,91.7335205078125,92.13999938964844,92.5500030517578,90.19000244140624,90.38999938964844,13024800,2.45746488906764
2024-07-30,DIS,93.3762435913086,93.79000091552734,94.04000091552734,91.66999816894533,91.66999816894533,9896100,1.790755521430354
2024-07-31,DIS,93.27668762207033,93.69000244140624,94.83999633789062,93.63999938964844,93.79000091552734,10241800,-0.1066180919356951
2024-08-01,DIS,92.63951110839844,93.0500030517578,93.9499969482422,92.5999984741211,93.86000061035156,9263600,-0.6831037099575443
2024-08-02,DIS,89.17485809326172,89.56999969482422,92.1999969482422,89.0,92.16000366210938,15433600,-3.7399301590470335
2024-08-05,DIS,87.39275360107422,87.77999877929688,89.55999755859375,86.41999816894531,86.88999938964844,19103200,-1.9984382709347548
2024-08-06,DIS,89.5730972290039,89.97000122070312,91.91000366210938,87.95999908447266,88.2300033569336,21717500,2.494879195456412
2024-08-07,DIS,85.5807876586914,85.95999908447266,89.23999786376953,85.75,88.0,30581900,-4.457040890420149
2024-08-08,DIS,85.5807876586914,85.95999908447266,86.33000183105469,83.91000366210938,85.1500015258789,21890500,0.0
2024-08-09,DIS,85.82968139648438,86.20999908447266,86.25,84.70999908447266,86.12999725341797,16008400,0.2908289869749669
2024-08-12,DIS,85.5708236694336,85.94999694824219,86.37999725341797,85.4800033569336,85.86000061035156,11754600,-0.3015946498216681
2024-08-13,DIS,85.22237396240234,85.5999984741211,86.45999908447266,85.30999755859375,86.45999908447266,14615200,-0.4072062089496064
2024-08-14,DIS,85.9192886352539,86.30000305175781,86.54000091552734,85.55999755859375,86.01000213623047,9475100,0.8177602200556189
2024-08-15,DIS,88.39830017089844,88.79000091552734,88.93000030517578,87.20999908447266,87.25,12401000,2.885279400029117
2024-08-16,DIS,88.90605163574219,89.30000305175781,89.66999816894531,88.33999633789062,88.95999908447266,10277700,0.5743905299786523
2024-08-19,DIS,90.41934204101562,90.81999969482422,90.9499969482422,89.41000366210938,89.41000366210938,9723600,1.702123058477012
2024-08-20,DIS,89.34410858154297,89.73999786376953,90.66999816894533,89.30999755859375,90.38999938964844,8863400,-1.1891631095755084
2024-08-21,DIS,90.31978607177734,90.72000122070312,90.77999877929688,89.43000030517578,90.22000122070312,7637600,1.092044574314488
2024-08-22,DIS,89.5233154296875,89.91999816894531,91.37999725341795,89.69999694824219,90.98999786376952,7613000,-0.8818340661888691
2024-08-23,DIS,90.16049194335938,90.55999755859376,90.75,89.68000030517578,90.1500015258789,7369200,0.7117436509289199
2024-08-26,DIS,91.37510681152344,91.77999877929688,91.8000030517578,90.91999816894533,90.91999816894533,8043800,1.3471697436246322
2024-08-27,DIS,90.49899291992188,90.9000015258789,91.72000122070312,90.75,91.43000030517578,7237400,-0.95881025168999
2024-08-28,DIS,89.09521484375,89.48999786376953,90.62000274658205,88.76000213623047,90.33000183105467,8569700,-1.5511532569362552
2024-08-29,DIS,89.4137954711914,89.80999755859375,90.6999969482422,89.62999725341797,90.4499969482422,6181800,0.3575732187190095
2024-08-30,DIS,89.98128509521484,90.37999725341795,90.4499969482422,89.4000015258789,89.9800033569336,8403600,0.634677927531091
2024-09-03,DIS,88.73680114746094,89.12999725341797,90.48999786376952,88.54000091552734,89.61000061035156,8465500,-1.3830475375374296
2024-09-04,DIS,88.85626983642578,89.25,90.0199966430664,88.81999969482422,88.94999694824219,6317200,0.1346326297770428
2024-09-05,DIS,88.25891876220703,88.6500015258789,89.66999816894531,88.33999633789062,89.66999816894531,6234100,-0.6722666563861002
2024-09-06,DIS,87.55205535888672,87.94000244140625,89.08999633789062,87.72000122070312,88.44999694824219,7791500,-0.8008974200384156
2024-09-09,DIS,87.95027923583984,88.33999633789062,88.88999938964844,87.80999755859375,88.22000122070312,8750200,0.4548424081202373
2024-09-10,DIS,88.01002502441406,88.4000015258789,88.88999938964844,87.9800033569336,88.33000183105469,6858300,0.0679313233491907
2024-09-11,DIS,87.93037414550781,88.31999969482422,88.43000030517578,86.58999633789062,88.05000305175781,10779000,-0.0905020523334187
2024-09-12,DIS,88.90605163574219,89.30000305175781,89.33000183105469,88.18000030517578,88.22000122070312,7181700,1.1096023413022404
2024-09-13,DIS,90.15054321289062,90.5500030517578,90.72000122070312,89.38999938964844,89.44999694824219,7084200,1.3997827529752982
2024-09-16,DIS,91.4448013305664,91.8499984741211,92.37000274658205,90.9499969482422,91.0999984741211,9028600,1.435663138068266
2024-09-17,DIS,92.45034790039062,92.86000061035156,93.25,92.16999816894533,92.37000274658205,8193100,1.0996213619506312
2024-09-18,DIS,93.16717529296876,93.58000183105467,94.06999969482422,92.69000244140624,93.5199966430664,10289800,0.7753647323755386
2024-09-19,DIS,93.0377426147461,93.4499969482422,95.29000091552734,93.31999969482422,94.81999969482422,10912400,-0.1389251931441015
2024-09-20,DIS,93.33641815185548,93.75,94.01000213623048,92.81999969482422,93.1999969482422,19251500,0.3210262079832882
2024-09-23,DIS,92.5598602294922,92.97000122070312,93.6999969482422,92.16000366210938,93.6999969482422,7338700,-0.8319988464736694
2024-09-24,DIS,93.27668762207033,93.69000244140624,93.79000091552734,92.45999908447266,93.33999633789062,7860300,0.7744473584994971
2024-09-25,DIS,93.50566864013672,93.91999816894533,94.44000244140624,93.3499984741211,93.63999938964844,8408200,0.2454857949010458
2024-09-26,DIS,94.78002166748048,95.1999969482422,95.79000091552734,94.18000030517578,94.45999908447266,10061600,1.3628617878218563
2024-09-27,DIS,95.5864486694336,96.01000213623048,96.9000015258789,95.27999877929688,95.48999786376952,10155400,0.8508407022550957
2024-09-30,DIS,95.76565551757812,96.19000244140624,97.56999969482422,95.44000244140624,96.8499984741211,7982300,0.1874814376295885
2024-10-01,DIS,93.63510131835938,94.0500030517578,95.8499984741211,93.31999969482422,95.19000244140624,10099200,-2.2247581220051105
2024-10-02,DIS,93.73465728759766,94.1500015258789,94.58000183105467,93.58999633789062,93.58999633789062,6144200,0.1063233422472498
2024-10-03,DIS,93.21694946289062,93.62999725341795,94.08999633789062,93.12999725341795,93.61000061035156,6180300,-0.5523120686499072
2024-10-04,DIS,94.7302474975586,95.1500015258789,95.33999633789062,93.88999938964844,94.3000030517578,6308900,1.6234151014246745
2024-10-07,DIS,91.982421875,92.38999938964844,95.13999938964844,91.76000213623048,95.08999633789062,11043600,-2.900684517507901
2024-10-08,DIS,92.10189056396484,92.51000213623048,93.73999786376952,91.69000244140624,92.5199966430664,10209100,0.1298820867395633
2024-10-09,DIS,93.18708038330078,93.5999984741211,94.01000213623048,91.45999908447266,91.86000061035156,8654500,1.1782492332035988
2024-10-10,DIS,92.57977294921876,92.98999786376952,93.87999725341795,92.69000244140624,93.72000122070312,6698000,-0.6517077598998
2024-10-11,DIS,93.7147445678711,94.12999725341795,94.61000061035156,92.8000030517578,92.8499984741211,8089100,1.2259390820442917
2024-10-14,DIS,94.55104064941406,94.97000122070312,95.19000244140624,93.8000030517578,94.18000030517578,6262000,0.892384742016028
2024-10-15,DIS,93.8043441772461,94.22000122070312,95.6500015258789,93.68000030517578,95.25,6535800,-0.7897284546413919
2024-10-16,DIS,96.32318878173828,96.75,96.79000091552734,93.62999725341795,93.7300033569336,9936300,2.685211038555701
2024-10-17,DIS,96.1141128540039,96.54000091552734,97.33000183105467,95.61000061035156,96.93000030517578,9542500,-0.2170566925562722
2024-10-18,DIS,96.85084533691406,97.27999877929688,97.54000091552734,96.0500030517578,97.01000213623048,8609700,0.7665185278557862
2024-10-21,DIS,96.19376373291016,96.62000274658205,97.4499969482422,95.9499969482422,97.1999969482422,8189900,-0.6784469476937671
2024-10-22,DIS,96.31322479248048,96.73999786376952,97.26000213623048,96.1999969482422,96.1999969482422,5344300,0.1241879462186457
2024-10-23,DIS,95.8154296875,96.23999786376952,97.13999938964844,95.98999786376952,96.93000030517578,5388500,-0.5168502103974126
2024-10-24,DIS,94.97914123535156,95.4000015258789,96.8000030517578,95.25,96.5999984741211,5015300,-0.8728118789176009
2024-10-25,DIS,94.61077117919922,95.02999877929688,96.8499984741211,95.01000213623048,95.80999755859376,6638100,-0.3878431109832325
2024-10-28,DIS,95.7756118774414,96.1999969482422,96.69000244140624,95.20999908447266,95.22000122070312,8146400,1.231192478112142
2024-10-29,DIS,95.70591735839844,96.12999725341795,96.62000274658205,95.68000030517578,96.26000213623048,6834400,-0.072768544806745
2024-10-30,DIS,94.66055297851562,95.08000183105467,96.70999908447266,94.94000244140624,95.6999969482422,7718200,-1.0922672377384424
2024-10-31,DIS,95.7756118774414,96.1999969482422,96.62999725341795,95.0,95.2699966430664,8147700,1.177955192358593
2024-11-01,DIS,95.3873291015625,95.80999755859376,96.38999938964844,94.83000183105467,95.6999969482422,7944900,-0.405408817826991
2024-11-04,DIS,95.36742401123048,95.79000091552734,96.0199966430664,95.02999877929688,95.83000183105467,6088000,-0.0208676461743051
2024-11-05,DIS,96.2037124633789,96.62999725341795,96.66999816894533,95.25,95.5999984741211,6561700,0.8769120701529687
2024-11-06,DIS,98.45374298095705,98.88999938964844,99.5500030517578,98.20999908447266,98.20999908447266,11325100,2.3388188043518943
2024-11-07,DIS,98.49356842041016,98.93000030517578,99.5199966430664,98.12999725341795,98.77999877929688,7805100,0.0404509145587539
2024-11-08,DIS,98.58316802978516,99.0199966430664,99.26000213623048,97.61000061035156,98.7300033569336,7982100,0.090970010338709
2024-11-11,DIS,100.41505432128906,100.86000061035156,100.9000015258789,99.0,99.0,9137900,1.858214062415242
2024-11-12,DIS,100.5444793701172,100.98999786376952,101.29000091552734,99.5,100.5500030517578,9366200,0.1288900849607754
2024-11-13,DIS,102.26685333251952,102.72000122070312,103.1999969482422,100.3499984741211,100.79000091552734,17701300,1.7130467761059975
2024-11-14,DIS,108.63861846923828,109.12000274658205,114.80999755859376,108.4000015258789,110.33000183105467,47436100,6.230528200570551
2024-11-15,DIS,114.57232666015624,115.08000183105467,115.19000244140624,110.25,110.25,32048000,5.461877437808305
2024-11-18,DIS,113.03911590576172,113.54000091552734,115.44000244140624,112.88999938964844,113.33000183105467,14236600,-1.3382033856590314
2024-11-19,DIS,111.92405700683594,112.41999816894533,112.5,110.81999969482422,112.0500030517578,12166800,-0.9864363233832996
2024-11-20,DIS,113.75594329833984,114.26000213623048,114.37000274658205,111.47000122070312,112.26000213623048,9319300,1.6367225603625355
2024-11-21,DIS,114.2139129638672,114.72000122070312,116.25,113.83000183105467,114.1500015258789,10261000,0.4025896601518752
2024-11-22,DIS,115.13980865478516,115.6500015258789,116.33999633789062,113.5999984741211,113.8499984741211,10098000,0.8106680411263723
2024-11-25,DIS,115.48826599121094,116.0,116.58000183105467,114.93000030517578,115.68000030517578,10397800,0.3026384536303439
2024-11-26,DIS,114.94068908691406,115.4499969482422,116.41999816894533,115.44000244140624,116.0,6808100,-0.4741407272826681
2024-11-27,DIS,117.08120727539062,117.5999984741211,118.1999969482422,115.4499969482422,115.4499969482422,8142400,1.8622806296715089
2024-11-29,DIS,116.9517822265625,117.47000122070312,117.73999786376952,116.7300033569336,117.26000213623048,5095200,-0.1105429742654595
2024-12-02,DIS,116.64315032958984,117.16000366210938,118.62999725341795,116.5500030517578,117.77999877929688,8390500,-0.2638967026383332
2024-12-03,DIS,115.936279296875,116.4499969482422,117.2300033569336,115.4499969482422,117.0,9194000,-0.6060116095265689
2024-12-04,DIS,116.47389221191406,116.98999786376952,117.29000091552734,115.83999633789062,115.97000122070312,7996200,0.4637141352987539
2024-12-05,DIS,115.9860610961914,116.5,117.2699966430664,116.05999755859376,116.5500030517578,9823600,-0.4188330161020936
2024-12-06,DIS,116.21504974365234,116.7300033569336,117.26000213623048,116.22000122070312,116.5500030517578,6677900,0.1974277299330307
2024-12-09,DIS,114.1043930053711,114.61000061035156,117.18000030517578,113.91000366210938,116.38999938964844,8666100,-1.8161647247382675
2024-12-10,DIS,114.22386932373048,114.7300033569336,114.9499969482422,113.72000122070312,114.6500015258789,7526400,0.1047079040626952
2024-12-11,DIS,114.1043930053711,114.61000061035156,115.0500030517578,113.9800033569336,114.63999938964844,6426800,-0.1045983812899553
2024-12-12,DIS,114.39311981201172,114.9000015258789,115.01000213623048,114.16000366210938,114.6999969482422,5285100,0.253037415156343
2024-12-13,DIS,112.83999633789062,113.33999633789062,114.95999908447266,113.3000030517578,114.31999969482422,6864500,-1.357707068985814
2024-12-16,DIS,112.11000061035156,112.11000061035156,113.06999969482422,111.7300033569336,113.0,10528500,-0.6469299461452915
2024-12-17,DIS,113.0199966430664,113.0199966430664,114.04000091552734,110.8000030517578,111.02999877929688,12238600,0.8116992487384067
2024-12-18,DIS,111.3499984741211,111.3499984741211,116.12000274658205,111.23999786376952,113.33999633789062,12292800,-1.4776130052626124
2024-12-19,DIS,111.37000274658205,111.37000274658205,112.91000366210938,111.25,111.66000366210938,9468500,0.0179652202380475
2024-12-20,DIS,112.02999877929688,112.02999877929688,112.97000122070312,110.43000030517578,110.61000061035156,17955300,0.5926156203988286
2024-12-23,DIS,111.4000015258789,111.4000015258789,111.8499984741211,110.30999755859376,111.61000061035156,6037200,-0.5623469251830326
2024-12-24,DIS,112.55999755859376,112.55999755859376,112.73999786376952,111.19000244140624,111.25,2475000,1.0412890635781211
2024-12-26,DIS,112.5500030517578,112.5500030517578,113.31999969482422,111.86000061035156,112.12000274658205,4781400,-0.0088792706580687
2024-12-27,DIS,111.5500030517578,111.5500030517578,112.12000274658205,110.86000061035156,111.81999969482422,4523800,-0.8884939785742452
2024-12-30,DIS,110.8000030517578,110.8000030517578,111.54000091552734,109.83000183105467,110.43000030517578,5716300,-0.6723442218571796
2024-12-31,DIS,111.3499984741211,111.3499984741211,111.58999633789062,110.66999816894533,110.77999877929688,4757500,0.4963857465837495
2025-01-02,DIS,110.81999969482422,110.81999969482422,112.1999969482422,110.16999816894533,111.6999969482422,5688100,-0.4759755604487492
2025-01-03,DIS,111.16000366210938,111.16000366210938,111.54000091552734,110.18000030517578,111.37000274658205,5393100,0.3068074068051318
2025-01-06,DIS,111.0500030517578,111.0500030517578,112.8499984741211,110.87000274658205,111.47000122070312,6274400,-0.0989570049726995
2025-01-07,DIS,111.38999938964844,111.38999938964844,113.73999786376952,111.29000091552734,112.1500015258789,7878800,0.3061650864900622
2025-01-08,DIS,109.76000213623048,109.76000213623048,111.11000061035156,108.63999938964844,111.0,7805300,-1.4633245913900694
2025-01-10,DIS,108.6500015258789,108.6500015258789,110.54000091552734,107.62000274658205,110.0,8835500,-1.0112979124889845
2025-01-13,DIS,108.08000183105467,108.08000183105467,108.61000061035156,106.72000122070312,107.93000030517578,6690200,-0.524620052295588
2025-01-14,DIS,108.12000274658205,108.12000274658205,108.95999908447266,107.61000061035156,108.68000030517578,5501600,0.0370104689578765
2025-01-15,DIS,108.18000030517578,108.18000030517578,109.5999984741211,107.98999786376952,109.16999816894533,6296900,0.0554916362094148
2025-01-16,DIS,106.45999908447266,106.45999908447266,108.5999984741211,106.16000366210938,108.29000091552734,7872800,-1.5899438120271836
2025-01-17,DIS,107.0199966430664,107.0199966430664,107.73999786376952,106.54000091552734,106.83000183105467,7144300,0.5260168733886683
2025-01-21,DIS,108.6999969482422,108.6999969482422,109.4499969482422,106.8000030517578,107.0999984741211,8643700,1.5698003717743658
2025-01-22,DIS,108.80999755859376,108.80999755859376,109.5500030517578,108.2300033569336,109.5500030517578,8781700,0.1011965165039985
2025-01-23,DIS,111.04000091552734,111.04000091552734,111.06999969482422,108.48999786376952,108.5,7608300,2.049447116045333
2025-01-24,DIS,112.16000366210938,112.16000366210938,113.38999938964844,110.62999725341795,111.16000366210938,8304500,1.0086479983317576
2025-01-27,DIS,113.33999633789062,113.33999633789062,114.08000183105467,111.45999908447266,111.68000030517578,10176900,1.0520619091062722
2025-01-28,DIS,112.13999938964844,112.13999938964844,112.95999908447266,111.55999755859376,112.8499984741211,6516800,-1.058758590978548
2025-01-29,DIS,113.19000244140624,113.19000244140624,114.37999725341795,112.76000213623048,113.5,7607100,0.93633231449326
2025-01-30,DIS,113.43000030517578,113.43000030517578,115.18000030517578,113.12000274658205,114.08999633789062,6236200,0.2120309732246639
2025-01-31,DIS,113.05999755859376,113.05999755859376,114.01000213623048,112.76000213623048,113.3000030517578,7797700,-0.326194785847278
2025-02-03,DIS,114.0,114.0,114.5999984741211,110.86000061035156,111.3499984741211,8870700,0.8314191240974322
2025-02-04,DIS,113.3000030517578,113.3000030517578,114.66000366210938,112.51000213623048,113.8000030517578,13521100,-0.6140324107387629
2025-02-05,DIS,110.54000091552734,110.54000091552734,118.58999633789062,110.2300033569336,115.6999969482422,23310000,-2.436012411199706
2025-02-06,DIS,112.08999633789062,112.08999633789062,112.68000030517578,109.1500015258789,111.87999725341795,12470800,1.4022031929850964
2025-02-07,DIS,110.86000061035156,110.86000061035156,112.5500030517578,110.80999755859376,111.61000061035156,8669300,-1.0973287248857488
2024-01-25,NFLX,562.0,562.0,563.4600219726562,548.4600219726562,551.9500122070312,9451900,
2024-01-26,NFLX,570.4199829101562,570.4199829101562,579.6400146484375,558.4299926757812,561.8099975585938,12770600,1.498217599671925
2024-01-29,NFLX,575.7899780273438,575.7899780273438,578.5499877929688,562.6799926757812,571.3499755859375,6905400,0.941410763660655
2024-01-30,NFLX,562.8499755859375,562.8499755859375,570.8800048828125,560.8200073242188,567.3200073242188,6181800,-2.24734763285368
2024-01-31,NFLX,564.1099853515625,564.1099853515625,572.1500244140625,562.0399780273438,562.8499755859375,4857600,0.2238624536339939
2024-02-01,NFLX,567.510009765625,567.510009765625,572.6599731445312,563.8300170898438,567.02001953125,3174000,0.602723671332206
2024-02-02,NFLX,564.6400146484375,564.6400146484375,567.7999877929688,562.3699951171875,564.52001953125,4030800,-0.5057170918223552
2024-02-05,NFLX,562.0599975585938,562.0599975585938,575.75,557.2000122070312,562.469970703125,4143100,-0.4569313231280958
2024-02-06,NFLX,555.8800048828125,555.8800048828125,566.3400268554688,554.3699951171875,564.1199951171875,2840300,-1.0995254425906764
2024-02-07,NFLX,559.2999877929688,559.2999877929688,567.7999877929688,554.97998046875,558.1599731445312,4373600,0.6152376196508769
2024-02-08,NFLX,558.530029296875,558.530029296875,563.7000122070312,555.739990234375,560.5499877929688,3175500,-0.1376646724295605
2024-02-09,NFLX,561.3200073242188,561.3200073242188,566.0,558.0999755859375,565.0,3055700,0.4995215800403851
2024-02-12,NFLX,557.8499755859375,557.8499755859375,568.4400024414062,557.0,560.3599853515625,3608500,-0.6181913512797621
2024-02-13,NFLX,554.52001953125,554.52001953125,559.2000122070312,549.0,550.7999877929688,3511500,-0.5969268083573676
2024-02-14,NFLX,579.3300170898438,579.3300170898438,581.25,564.3400268554688,567.260009765625,5634200,4.474139198719329
2024-02-15,NFLX,593.4600219726562,593.4600219726562,593.77001953125,580.3200073242188,581.9099731445312,5220900,2.4390251611321467
2024-02-16,NFLX,583.9500122070312,583.9500122070312,597.0,577.4600219726562,596.9500122070312,4323600,-1.6024684753008
2024-02-20,NFLX,575.1300048828125,575.1300048828125,586.0,569.6599731445312,580.1799926757812,3124200,-1.510404510633312
2024-02-21,NFLX,573.3499755859375,573.3499755859375,575.780029296875,567.3200073242188,573.510009765625,2281100,-0.3095003358827841
2024-02-22,NFLX,588.469970703125,588.469970703125,590.8499755859375,578.8900146484375,582.75,3526600,2.637131902157241
2024-02-23,NFLX,583.5599975585938,583.5599975585938,592.4299926757812,579.8200073242188,586.4000244140625,2568900,-0.8343625654618547
2024-02-26,NFLX,587.6500244140625,587.6500244140625,590.75,583.27001953125,583.5599975585938,2393700,0.7008751238227307
2024-02-27,NFLX,601.6699829101562,601.6699829101562,605.3599853515625,592.3300170898438,595.0,4489400,2.3857666831670565
2024-02-28,NFLX,596.47998046875,596.47998046875,598.1699829101562,590.010009765625,595.7899780273438,2605200,-0.8625995294468947
2024-02-29,NFLX,602.9199829101562,602.9199829101562,604.52001953125,595.1599731445312,604.25,3572100,1.0796678266293602
2024-03-01,NFLX,619.3400268554688,619.3400268554688,620.280029296875,599.5,599.8099975585938,4264200,2.723420090682138
2024-03-04,NFLX,615.8300170898438,615.8300170898438,624.4199829101562,615.0800170898438,621.5599975585938,3020300,-0.5667338801669475
2024-03-05,NFLX,598.5,598.5,610.9099731445312,592.0,610.0999755859375,3849600,-2.814091000587826
2024-03-06,NFLX,597.6900024414062,597.6900024414062,607.9299926757812,593.5599975585938,602.989990234375,2469600,-0.1353379379438135
2024-03-07,NFLX,608.510009765625,608.510009765625,610.530029296875,595.9000244140625,599.3400268554688,2742800,1.8103042179092643
2024-03-08,NFLX,604.8200073242188,604.8200073242188,616.0900268554688,600.8400268554688,608.27001953125,2774600,-0.6063996289604967
2024-03-11,NFLX,600.9299926757812,600.9299926757812,611.0,600.3699951171875,608.0800170898438,2500900,-0.6431689761136172
2024-03-12,NFLX,611.0800170898438,611.0800170898438,615.2999877929688,596.27001953125,600.2100219726562,2821600,1.6890527245723153
2024-03-13,NFLX,609.4500122070312,609.4500122070312,614.8499755859375,607.2100219726562,613.3699951171875,2192100,-0.2667416438480674
2024-03-14,NFLX,613.010009765625,613.010009765625,620.7999877929688,607.3499755859375,615.0,3120500,0.5841328225922426
2024-03-15,NFLX,605.8800048828125,605.8800048828125,622.9199829101562,603.8200073242188,622.9199829101562,6670900,-1.1631139409189362
2024-03-18,NFLX,618.3900146484375,618.3900146484375,627.4099731445312,610.4500122070312,613.5599975585938,3344200,2.0647668952278098
2024-03-19,NFLX,620.739990234375,620.739990234375,621.280029296875,608.0,615.6199951171875,2142600,0.3800151248033234
2024-03-20,NFLX,627.6900024414062,627.6900024414062,629.510009765625,618.3400268554688,619.9500122070312,2639500,1.119633391817909
2024-03-21,NFLX,622.7100219726562,622.7100219726562,634.3599853515625,622.3300170898438,630.6500244140625,2507700,-0.7933821551052822
2024-03-22,NFLX,628.010009765625,628.010009765625,629.0499877929688,621.0,624.1599731445312,2134100,0.8511165078376459
2024-03-25,NFLX,627.4600219726562,627.4600219726562,630.4600219726562,623.1599731445312,627.9000244140625,1803300,-0.0875762781510469
2024-03-26,NFLX,629.239990234375,629.239990234375,634.3900146484375,619.1799926757812,625.2000122070312,2804500,0.2836783539009735
2024-03-27,NFLX,613.530029296875,613.530029296875,631.3499755859375,610.72998046875,629.010009765625,2628300,-2.4966564715075523
2024-03-28,NFLX,607.3300170898438,607.3300170898438,615.0,601.5900268554688,614.989990234375,3708800,-1.010547472979706
2024-04-01,NFLX,614.3099975585938,614.3099975585938,615.1099853515625,605.5700073242188,608.0,2115900,1.1492895579566564
2024-04-02,NFLX,614.2100219726562,614.2100219726562,615.030029296875,605.510009765625,611.0,2029200,-0.0162744520412871
2024-04-03,NFLX,630.0800170898438,630.0800170898438,630.4099731445312,611.5,612.75,2931200,2.58380595390122
2024-04-04,NFLX,617.1400146484375,617.1400146484375,638.0,616.5800170898438,633.2100219726562,3064300,-2.0537077974909224
2024-04-05,NFLX,636.1799926757812,636.1799926757812,637.9099731445312,622.7100219726562,624.9199829101562,3372800,3.085195834885246
2024-04-08,NFLX,628.4099731445312,628.4099731445312,639.0,628.1099853515625,636.3900146484375,2145700,-1.221355531564139
2024-04-09,NFLX,618.2000122070312,618.2000122070312,631.989990234375,615.6300048828125,631.989990234375,2146600,-1.6247292967694116
2024-04-10,NFLX,618.5800170898438,618.5800170898438,620.1400146484375,609.3400268554688,610.969970703125,2806200,0.0614695689596933
2024-04-11,NFLX,628.780029296875,628.780029296875,631.6599731445312,617.239990234375,624.4199829101562,2662700,1.648939817845707
2024-04-12,NFLX,622.8300170898438,622.8300170898438,633.1199951171875,618.9199829101562,628.22998046875,2956500,-0.9462788144980916
2024-04-15,NFLX,607.1500244140625,607.1500244140625,630.1699829101562,603.8699951171875,630.1699829101562,3085400,-2.517539656975043
2024-04-16,NFLX,617.52001953125,617.52001953125,622.4500122070312,607.5,607.5,3519100,1.7079790332208633
2024-04-17,NFLX,613.6900024414062,613.6900024414062,620.969970703125,607.7100219726562,620.969970703125,3312200,-0.6202255746706076
2024-04-18,NFLX,610.5599975585938,610.5599975585938,621.3300170898438,605.4299926757812,612.0999755859375,8468400,-0.5100302873373486
2024-04-19,NFLX,555.0399780273438,555.0399780273438,579.0,552.1599731445312,567.8800048828125,16425000,-9.093294639880478
2024-04-22,NFLX,554.5999755859375,554.5999755859375,558.6099853515625,542.010009765625,550.6599731445312,8597700,-0.0792740088687016
2024-04-23,NFLX,577.75,577.75,579.2100219726562,555.280029296875,556.489990234375,4975500,4.174184174747642
2024-04-24,NFLX,555.1199951171875,555.1199951171875,576.9099731445312,551.2999877929688,574.3099975585938,5355300,-3.916919927790996
2024-04-25,NFLX,564.7999877929688,564.7999877929688,566.5399780273438,545.7100219726562,549.4600219726562,3807100,1.7437658093612418
2024-04-26,NFLX,561.22998046875,561.22998046875,562.9199829101562,553.1900024414062,558.2100219726562,4332600,-0.6320834634166772
2024-04-29,NFLX,559.489990234375,559.489990234375,559.6400146484375,554.239990234375,559.1799926757812,2508900,-0.3100315904224771
2024-04-30,NFLX,550.6400146484375,550.6400146484375,560.0,549.3800048828125,560.0,3361500,-1.5817933726088973
2024-05-01,NFLX,551.7100219726562,551.7100219726562,560.3900146484375,544.25,547.8400268554688,3473200,0.1943206624571036
2024-05-02,NFLX,565.1500244140625,565.1500244140625,565.4600219726562,555.5900268554688,556.02001953125,3068200,2.4360627695960924
2024-05-03,NFLX,579.3400268554688,579.3400268554688,580.260009765625,565.1599731445312,566.0,3307500,2.5108381541906866
2024-05-06,NFLX,596.969970703125,596.969970703125,597.3400268554688,580.25,581.8200073242188,3686300,3.043108197330624
2024-05-07,NFLX,606.0,606.0,606.0499877929688,591.3200073242188,596.280029296875,3614100,1.51264380790197
2024-05-08,NFLX,609.469970703125,609.469970703125,618.219970703125,601.6300048828125,601.6300048828125,3093900,0.5726024262582508
2024-05-09,NFLX,612.0900268554688,612.0900268554688,615.719970703125,605.75,614.4000244140625,2065400,0.4298909344657486
2024-05-10,NFLX,610.8699951171875,610.8699951171875,623.97998046875,605.0599975585938,619.0,2653600,-0.199322270377289
2024-05-13,NFLX,616.5900268554688,616.5900268554688,618.219970703125,606.8300170898438,614.2999877929688,2086200,0.936374643377924
2024-05-14,NFLX,613.6599731445312,613.6599731445312,621.47998046875,608.4000244140625,615.1699829101562,2792400,-0.47520290360199
2024-05-15,NFLX,613.52001953125,613.52001953125,624.0999755859375,609.0999755859375,618.5700073242188,5670600,-0.0228063780278953
2024-05-16,NFLX,610.52001953125,610.52001953125,618.3400268554688,609.0900268554688,615.75,3056400,-0.4889815987247026
2024-05-17,NFLX,621.0999755859375,621.0999755859375,625.7899780273438,614.7100219726562,617.0,3782700,1.7329417080885756
2024-05-20,NFLX,640.8200073242188,640.8200073242188,644.3699951171875,619.52001953125,620.4000244140625,3857900,3.1750173101645407
2024-05-21,NFLX,650.6099853515625,650.6099853515625,650.8800048828125,634.219970703125,636.760009765625,2920200,1.5277266495193231
2024-05-22,NFLX,640.469970703125,640.469970703125,649.25,638.1199951171875,647.1400146484375,2176200,-1.5585396592027845
2024-05-23,NFLX,635.6699829101562,635.6699829101562,642.7100219726562,630.0,642.3400268554688,2313900,-0.7494477512660302
2024-05-24,NFLX,646.75,646.75,652.0,637.5999755859375,639.4000244140625,2613300,1.7430455091049568
2024-05-28,NFLX,649.0,649.0,649.75,643.030029296875,647.0499877929688,2609500,0.3478933127174288
2024-05-29,NFLX,654.6199951171875,654.6199951171875,664.25,643.8900146484375,644.1300048828125,3695900,0.8659468593509301
2024-05-30,NFLX,647.6599731445312,647.6599731445312,656.489990234375,644.72998046875,653.52001953125,2393400,-1.0632156097539092
2024-05-31,NFLX,641.6199951171875,641.6199951171875,648.5800170898438,628.2999877929688,644.010009765625,4071000,-0.9325847323894854
2024-06-03,NFLX,633.7899780273438,633.7899780273438,646.780029296875,627.27001953125,645.219970703125,2323500,-1.2203511657104205
2024-06-04,NFLX,631.6199951171875,631.6199951171875,635.22998046875,626.4400024414062,633.780029296875,3008200,-0.342382016975129
2024-06-05,NFLX,650.27001953125,650.27001953125,651.25,628.25,634.02001953125,2682600,2.952728627693668
2024-06-06,NFLX,648.52001953125,648.52001953125,657.989990234375,644.239990234375,644.8900146484375,2466700,-0.2691189732630605
2024-06-07,NFLX,641.469970703125,641.469970703125,650.4000244140625,640.239990234375,649.3800048828125,1876600,-1.0870981027263804
2024-06-10,NFLX,644.5,644.5,644.7899780273438,635.5900268554688,641.010009765625,2066800,0.4723571539215987
2024-06-11,NFLX,648.5499877929688,648.5499877929688,650.1900024414062,640.52001953125,640.719970703125,2167400,0.6283922099253214
2024-06-12,NFLX,650.0599975585938,650.0599975585938,655.780029296875,643.1099853515625,652.2100219726562,2094400,0.2328285859296119
2024-06-13,NFLX,653.260009765625,653.260009765625,655.25,642.3499755859375,644.0,1863600,0.4922641323953813
2024-06-14,NFLX,669.3800048828125,669.3800048828125,675.5800170898438,652.6400146484375,655.0499877929688,4447100,2.467623132628449
2024-06-17,NFLX,675.8300170898438,675.8300170898438,682.7100219726562,665.1099853515625,669.1099853515625,3631200,0.9635800531807792
2024-06-18,NFLX,685.6699829101562,685.6699829101562,687.0599975585938,674.6400146484375,675.6300048828125,2943800,1.4559823582095175
2024-06-20,NFLX,679.030029296875,679.030029296875,689.8800048828125,673.719970703125,681.7999877929688,2585100,-0.9683891345366512
2024-06-21,NFLX,686.1199951171875,686.1199951171875,686.9000244140625,678.0999755859375,683.260009765625,4557100,1.0441314101607535
2024-06-24,NFLX,669.02001953125,669.02001953125,685.5,664.5,685.0,3916300,-2.4922718631770646
2024-06-25,NFLX,672.4099731445312,672.4099731445312,673.6699829101562,662.2999877929688,673.4400024414062,2278800,0.5067043607538624
2024-06-26,NFLX,677.6900024414062,677.6900024414062,682.9600219726562,670.02001953125,672.4099731445312,3545800,0.7852395871201789
2024-06-27,NFLX,684.3400268554688,684.3400268554688,688.5700073242188,678.1400146484375,679.3499755859375,2404800,0.9812782230969264
2024-06-28,NFLX,674.8800048828125,674.8800048828125,687.0,673.0800170898438,679.0,3412400,-1.3823569572752992
2024-07-01,NFLX,673.6099853515625,673.6099853515625,675.02001953125,663.780029296875,674.8900146484375,2212800,-0.1881844953267708
2024-07-02,NFLX,679.5800170898438,679.5800170898438,681.739990234375,670.0700073242188,673.5399780273438,2411400,0.886274234068174
2024-07-03,NFLX,682.510009765625,682.510009765625,683.75,675.5,677.47998046875,1403500,0.4311475620381477
2024-07-05,NFLX,690.6500244140625,690.6500244140625,697.489990234375,677.22998046875,682.510009765625,2659100,1.1926586470479394
2024-07-08,NFLX,685.739990234375,685.739990234375,688.8599853515625,681.489990234375,687.0,1930800,-0.7109294152060741
2024-07-09,NFLX,685.739990234375,685.739990234375,695.27001953125,684.719970703125,690.0,2596100,0.0
2024-07-10,NFLX,677.6500244140625,677.6500244140625,687.219970703125,673.1599731445312,685.02001953125,2651900,-1.1797424585880512
2024-07-11,NFLX,652.75,652.75,672.489990234375,647.4400024414062,672.489990234375,5106600,-3.674466688847622
2024-07-12,NFLX,647.5999755859375,647.5999755859375,655.9199829101562,643.7100219726562,652.75,3355200,-0.7889734835790918
2024-07-15,NFLX,656.4500122070312,656.4500122070312,667.5399780273438,646.6300048828125,647.5,3208800,1.3665900177167734
2024-07-16,NFLX,656.3200073242188,656.3200073242188,663.6799926757812,649.1300048828125,661.7999877929688,2685700,-0.0198042319133229
2024-07-17,NFLX,647.4600219726562,647.4600219726562,650.4500122070312,639.469970703125,650.0,4017300,-1.3499489963263778
2024-07-18,NFLX,643.0399780273438,643.0399780273438,657.0399780273438,639.1699829101562,656.5999755859375,7575800,-0.6826744193171419
2024-07-19,NFLX,633.3400268554688,633.3400268554688,678.969970703125,629.1199951171875,660.6400146484375,9815600,-1.5084522740921311
2024-07-22,NFLX,647.5,647.5,656.2899780273438,632.5999755859375,639.5,5219100,2.235761604210529
2024-07-23,NFLX,642.760009765625,642.760009765625,649.9099731445312,641.0,647.5,2463600,-0.7320448238417043
2024-07-24,NFLX,635.989990234375,635.989990234375,652.4199829101562,632.6699829101562,635.739990234375,4888200,-1.053273294603163
2024-07-25,NFLX,634.0900268554688,634.0900268554688,649.97998046875,621.7000122070312,641.0,4554500,-0.2987410821050917
2024-07-26,NFLX,631.3699951171875,631.3699951171875,646.989990234375,629.77001953125,645.0,3120700,-0.4289661756344376
2024-07-29,NFLX,626.9600219726562,626.9600219726562,634.6099853515625,623.9299926757812,634.6099853515625,2400500,-0.6984768327029434
2024-07-30,NFLX,622.5800170898438,622.5800170898438,634.6900024414062,617.0,630.1699829101562,3496600,-0.6986099159929426
2024-07-31,NFLX,628.3499755859375,628.3499755859375,633.5999755859375,622.5800170898438,626.5700073242188,3134900,0.9267818332918232
2024-08-01,NFLX,624.8499755859375,624.8499755859375,646.7100219726562,617.6099853515625,629.25,3720600,-0.5570144244433584
2024-08-02,NFLX,613.6400146484375,613.6400146484375,625.27001953125,608.3499755859375,620.97998046875,3523000,-1.7940243859317029
2024-08-05,NFLX,598.5499877929688,598.5499877929688,604.5599975585938,587.0399780273438,587.0399780273438,4044200,-2.4591008564058603
2024-08-06,NFLX,609.5700073242188,609.5700073242188,622.4500122070312,600.6199951171875,600.6199951171875,4319100,1.841119331049379
2024-08-07,NFLX,611.47998046875,611.47998046875,632.0,610.6400146484375,616.0700073242188,3187800,0.3133312206280214
2024-08-08,NFLX,630.3499755859375,630.3499755859375,632.2899780273438,616.02001953125,621.989990234375,3283500,3.0859546869747234
2024-08-09,NFLX,633.9400024414062,633.9400024414062,636.6199951171875,622.989990234375,622.989990234375,1980800,0.5695291496016441
2024-08-12,NFLX,633.1400146484375,633.1400146484375,639.0,627.0700073242188,631.0,2331700,-0.1261929819679874
2024-08-13,NFLX,648.02001953125,648.02001953125,650.969970703125,635.5,638.5599975585938,2639600,2.350191827802095
2024-08-14,NFLX,661.6799926757812,661.6799926757812,663.5700073242188,648.7000122070312,648.7000122070312,4014300,2.107955423107488
2024-08-15,NFLX,663.219970703125,663.219970703125,673.1900024414062,659.7999877929688,668.489990234375,3210200,0.2327375837852141
2024-08-16,NFLX,674.0700073242188,674.0700073242188,680.22998046875,665.3599853515625,669.4299926757812,3511000,1.6359634963330372
2024-08-19,NFLX,688.530029296875,688.530029296875,688.8400268554688,672.9099731445312,674.0700073242188,3016200,2.145181036915833
2024-08-20,NFLX,698.5399780273438,698.5399780273438,711.3300170898438,688.25,688.8599853515625,4813100,1.4538144023567012
2024-08-21,NFLX,697.1199951171875,697.1199951171875,701.0,691.3800048828125,697.0,2235300,-0.2032786890975413
2024-08-22,NFLX,688.9600219726562,688.9600219726562,701.5,686.239990234375,691.0,2729400,-1.1705263371709074
2024-08-23,NFLX,686.72998046875,686.72998046875,696.0700073242188,678.6300048828125,694.1300048828125,2354500,-0.3236822794914995
2024-08-26,NFLX,688.4400024414062,688.4400024414062,690.5900268554688,681.6400146484375,687.260009765625,1354200,0.249009366314401
2024-08-27,NFLX,695.719970703125,695.719970703125,707.8900146484375,686.9199829101562,688.530029296875,3164900,1.0574586363229832
2024-08-28,NFLX,683.8400268554688,683.8400268554688,696.6699829101562,677.0999755859375,695.8300170898438,2430600,-1.7075755114015043
2024-08-29,NFLX,692.47998046875,692.47998046875,699.7999877929688,686.0700073242188,690.0,2187000,1.2634466065127414
2024-08-30,NFLX,701.3499755859375,701.3499755859375,701.8599853515625,688.1599731445312,700.3599853515625,3266700,1.280902750601287
2024-09-03,NFLX,675.3200073242188,675.3200073242188,703.8599853515625,671.010009765625,700.0999755859375,3161000,-3.711409306027591
2024-09-04,NFLX,679.6799926757812,679.6799926757812,684.6500244140625,673.0599975585938,673.3099975585938,1785300,0.645617678178656
2024-09-05,NFLX,683.6199951171875,683.6199951171875,687.3099975585938,671.8599853515625,673.1400146484375,1810100,0.5796849228848266
2024-09-06,NFLX,665.77001953125,665.77001953125,683.1500244140625,662.3400268554688,681.8599853515625,2991300,-2.611096181128758
2024-09-09,NFLX,675.4199829101562,675.4199829101562,683.5,672.1400146484375,674.0,2683100,1.4494439665067027
2024-09-10,NFLX,673.6199951171875,673.6199951171875,680.5900268554688,665.8099975585938,676.8699951171875,2079200,-0.266499043337931
2024-09-11,NFLX,681.469970703125,681.469970703125,682.969970703125,660.7999877929688,677.4600219726562,2391900,1.165341831127198
2024-09-12,NFLX,686.7999877929688,686.7999877929688,694.8800048828125,682.2000122070312,684.9199829101562,2588400,0.7821352838694118
2024-09-13,NFLX,697.0599975585938,697.0599975585938,699.6400146484375,680.0,680.010009765625,2276500,1.4938861310402007
2024-09-16,NFLX,696.5,696.5,703.02001953125,688.6300048828125,700.0,1843700,-0.0803370671900727
2024-09-17,NFLX,706.9099731445312,706.9099731445312,707.6300048828125,698.3699951171875,700.8200073242188,2298600,1.4946120810525931
2024-09-18,NFLX,690.469970703125,690.469970703125,707.5499877929688,688.0,707.5499877929688,2984400,-2.325614726904557
2024-09-19,NFLX,704.3200073242188,704.3200073242188,715.6599731445312,695.3699951171875,705.0,4228500,2.005885441620281
2024-09-20,NFLX,701.030029296875,701.030029296875,706.6699829101562,696.3099975585938,705.5499877929688,3998100,-0.4671140948902863
2024-09-23,NFLX,705.3699951171875,705.3699951171875,712.25,699.1599731445312,702.3900146484375,3224300,0.6190841531660718
2024-09-24,NFLX,722.260009765625,722.260009765625,722.4400024414062,704.4500122070312,706.6300048828125,3565700,2.394490092484225
2024-09-25,NFLX,721.5599975585938,721.5599975585938,725.1199951171875,716.2100219726562,721.0,2259800,-0.0969196961712492
2024-09-26,NFLX,711.4299926757812,711.4299926757812,725.260009765625,701.719970703125,724.72998046875,2833000,-1.403903336810175
2024-09-27,NFLX,707.3499755859375,707.3499755859375,710.7100219726562,701.25,708.3599853515625,2395600,-0.5734952323978137
2024-09-30,NFLX,709.27001953125,709.27001953125,711.2100219726562,702.8200073242188,707.0,1709900,0.2714418621025727
2024-10-01,NFLX,706.1300048828125,706.1300048828125,717.760009765625,698.5900268554688,713.6400146484375,2813500,-0.4427107535875718
2024-10-02,NFLX,711.0900268554688,711.0900268554688,716.2100219726562,704.6900024414062,706.1300048828125,1758200,0.7024233410785952
2024-10-03,NFLX,706.7999877929688,706.7999877929688,708.8099975585938,700.0,704.260009765625,2256400,-0.60330463098619
2024-10-04,NFLX,719.7000122070312,719.7000122070312,721.010009765625,708.8200073242188,713.3200073242188,2229000,1.8251308201551848
2024-10-07,NFLX,701.9199829101562,701.9199829101562,715.8800048828125,696.4299926757812,714.760009765625,3360500,-2.4704778373354164
2024-10-08,NFLX,721.760009765625,721.760009765625,725.0599975585938,703.5499877929688,703.8800048828125,3187400,2.8265368330464336
2024-10-09,NFLX,727.4299926757812,727.4299926757812,728.5900268554688,718.8699951171875,719.25,1981100,0.7855773156505874
2024-10-10,NFLX,730.2899780273438,730.2899780273438,733.8499755859375,722.5,723.2899780273438,2767900,0.3931629683074034
2024-10-11,NFLX,722.7899780273438,722.7899780273438,736.0,721.219970703125,734.9000244140625,2299500,-1.026989309131554
2024-10-14,NFLX,713.0,713.0,726.6199951171875,711.3099975585938,725.0,2797100,-1.354470638077021
2024-10-15,NFLX,705.97998046875,705.97998046875,713.4000244140625,699.780029296875,712.510009765625,2932800,-0.9845749693197736
2024-10-16,NFLX,702.0,702.0,705.5900268554688,697.8200073242188,703.4299926757812,2494300,-0.5637525962290613
2024-10-17,NFLX,687.6500244140625,687.6500244140625,704.4099731445312,677.8800048828125,704.3499755859375,8926700,-2.04415606637286
2024-10-18,NFLX,763.8900146484375,763.8900146484375,766.280029296875,736.22998046875,737.6400146484375,15974100,11.087033742104223
2024-10-21,NFLX,772.0700073242188,772.0700073242188,773.0,756.5999755859375,765.760009765625,6057100,1.0708338267186202
2024-10-22,NFLX,764.239990234375,764.239990234375,769.7000122070312,761.1199951171875,765.27001953125,2987300,-1.01415895133401
2024-10-23,NFLX,749.2899780273438,749.2899780273438,763.7899780273438,744.260009765625,762.8300170898438,3749000,-1.956193394492012
2024-10-24,NFLX,754.5499877929688,754.5499877929688,755.8200073242188,746.25,751.969970703125,2643000,0.7019992152401455
2024-10-25,NFLX,754.6799926757812,754.6799926757812,768.5,753.530029296875,756.1699829101562,2819500,0.0172294592691857
2024-10-28,NFLX,749.1199951171875,749.1199951171875,758.6799926757812,747.8800048828125,758.6799926757812,2862400,-0.7367357837167909
2024-10-29,NFLX,759.4400024414062,759.4400024414062,763.8800048828125,748.010009765625,751.1300048828125,3660400,1.3776173899355593
2024-10-30,NFLX,753.739990234375,753.739990234375,759.7899780273438,752.280029296875,758.0800170898438,1722000,-0.7505546440412902
2024-10-31,NFLX,756.030029296875,756.030029296875,760.7899780273438,752.22998046875,753.9299926757812,3057700,0.3038234792063887
2024-11-01,NFLX,756.0999755859375,756.0999755859375,763.7999877929688,747.77001953125,753.47998046875,2996800,0.0092517871449482
2024-11-04,NFLX,755.510009765625,755.510009765625,762.47998046875,749.6900024414062,753.1400146484375,1902200,-0.078027488343102
2024-11-05,NFLX,763.9099731445312,763.9099731445312,767.530029296875,756.27001953125,757.3499755859375,2200600,1.111826881223199
2024-11-06,NFLX,780.2100219726562,780.2100219726562,781.489990234375,757.3800048828125,771.5,3690800,2.133765679354616
2024-11-07,NFLX,796.5399780273438,796.5399780273438,798.219970703125,779.9400024414062,781.3699951171875,3295100,2.0930205450834016
2024-11-08,NFLX,795.0399780273438,795.0399780273438,799.0599975585938,788.6500244140625,797.3599853515625,1910600,-0.1883144652343515
2024-11-11,NFLX,805.4400024414062,805.4400024414062,806.8200073242188,795.5700073242188,795.9000244140625,2399200,1.3081133907086206
2024-11-12,NFLX,819.5,819.5,820.3699951171875,803.75,807.5,2814100,1.745629409512306
2024-11-13,NFLX,830.469970703125,830.469970703125,836.989990234375,820.5399780273438,822.6199951171875,2767800,1.338617535463693
2024-11-14,NFLX,837.260009765625,837.260009765625,841.0,830.02001953125,833.6699829101562,3038200,0.8176140380790731
2024-11-15,NFLX,823.9600219726562,823.9600219726562,832.0399780273438,816.489990234375,832.0399780273438,3673700,-1.5885134412058963
2024-11-18,NFLX,847.0499877929688,847.0499877929688,848.4500122070312,809.3300170898438,815.5,4084100,2.8023162780437483
2024-11-19,NFLX,871.3200073242188,871.3200073242188,874.489990234375,839.1599731445312,839.75,3814200,2.865240526652601
2024-11-20,NFLX,883.8499755859375,883.8499755859375,890.5999755859375,868.4000244140625,879.97998046875,4093800,1.4380443644577356
2024-11-21,NFLX,897.47998046875,897.47998046875,908.0,877.239990234375,883.9299926757812,4511300,1.5421174700804396
2024-11-22,NFLX,897.7899780273438,897.7899780273438,906.0,893.0,896.0,3214000,0.0345408884142361
2024-11-25,NFLX,865.5900268554688,865.5900268554688,902.0499877929688,864.219970703125,902.0499877929688,6014200,-3.586579485173791
2024-11-26,NFLX,872.5999755859375,872.5999755859375,886.3599853515625,867.25,867.489990234375,3138300,0.8098462913135318
2024-11-27,NFLX,877.3400268554688,877.3400268554688,880.9500122070312,858.9099731445312,872.0599975585938,2578200,0.5432101079705376
2024-11-29,NFLX,886.8099975585938,886.8099975585938,892.4099731445312,876.6799926757812,882.1699829101562,2027200,1.0793957203875548
2024-12-02,NFLX,897.739990234375,897.739990234375,902.3400268554688,884.1199951171875,887.510009765625,2389000,1.2325067044656413
2024-12-03,NFLX,902.1699829101562,902.1699829101562,902.6900024414062,888.030029296875,894.3599853515625,2401600,0.4934605480396037
2024-12-04,NFLX,911.0599975585938,911.0599975585938,915.969970703125,898.0499877929688,898.0499877929688,2689600,0.9854035067494492
2024-12-05,NFLX,917.8699951171876,917.8699951171876,927.0,911.1099853515624,917.8499755859376,2835300,0.7474806902775688
2024-12-06,NFLX,934.739990234375,934.739990234375,935.27001953125,912.7100219726562,915.22998046875,2955400,1.8379503858859223
2024-12-09,NFLX,913.6900024414062,913.6900024414062,930.2999877929688,902.5900268554688,928.0,3350100,-2.2519618303364464
2024-12-10,NFLX,913.3499755859376,913.3499755859376,922.8800048828124,909.5800170898438,913.760009765625,2388600,-0.037214684910658
2024-12-11,NFLX,936.5599975585938,936.5599975585938,941.75,923.0800170898438,924.7100219726562,3501700,2.541196977398119
2024-12-12,NFLX,925.5499877929688,925.5499877929688,934.0900268554688,922.5999755859376,933.3499755859376,2486200,-1.175579759366796
2024-12-13,NFLX,918.8699951171876,918.8699951171876,925.5499877929688,909.6099853515624,916.8099975585938,2485800,-0.7217322417895633
2024-12-16,NFLX,921.0800170898438,921.0800170898438,928.9400024414062,919.5,923.9400024414062,2674900,0.2405151963172258
2024-12-17,NFLX,919.1300048828124,919.1300048828124,928.4500122070312,916.4199829101562,921.5399780273438,2459500,-0.2117093163297889
2024-12-18,NFLX,889.5499877929688,889.5499877929688,922.4400024414062,886.5599975585938,919.1300048828124,2938200,-3.218262588828791
2024-12-19,NFLX,902.0399780273438,902.0399780273438,912.6199951171876,899.0,908.1799926757812,2815500,1.4040796364197083
2024-12-20,NFLX,909.0499877929688,909.0499877929688,919.9199829101562,890.489990234375,893.2100219726562,4530500,0.7771285016607621
2024-12-23,NFLX,911.4500122070312,911.4500122070312,915.0,899.0999755859375,913.4199829101562,2339400,0.2640145697476281
2024-12-24,NFLX,932.1199951171876,932.1199951171876,935.8499755859376,911.7000122070312,915.0,2320300,2.2678131146331326
2024-12-26,NFLX,924.1400146484376,924.1400146484376,930.489990234375,915.2999877929688,928.4000244140624,2340300,-0.8561108559576369
2024-12-27,NFLX,907.5499877929688,907.5499877929688,918.1300048828124,894.5,916.010009765625,3226200,-1.7951854256392008
2024-12-30,NFLX,900.4299926757812,900.4299926757812,908.22998046875,889.7100219726562,894.510009765625,2203000,-0.7845292505046841
2024-12-31,NFLX,891.3200073242188,891.3200073242188,902.6799926757812,889.469970703125,901.7999877929688,1875900,-1.011737217292219
2025-01-02,NFLX,886.72998046875,886.72998046875,898.5800170898438,877.0,895.5,2312300,-0.5149695752088235
2025-01-03,NFLX,881.0499877929688,881.0499877929688,898.8300170898438,879.8900146484375,893.1300048828125,2967300,-0.6405549379055242
2025-01-06,NFLX,881.7899780273438,881.7899780273438,892.8300170898438,871.6900024414062,888.760009765625,3457700,0.0839895856793226
2025-01-07,NFLX,879.1900024414062,879.1900024414062,888.0,869.1099853515625,879.3800048828125,2649800,-0.2948520226725537
2025-01-08,NFLX,875.0,875.0,886.219970703125,873.0,880.0,2347900,-0.4765753056530597
2025-01-10,NFLX,837.6900024414062,837.6900024414062,866.4099731445312,834.4000244140625,866.4000244140625,4803300,-4.263999720982148
2025-01-13,NFLX,840.2899780273438,840.2899780273438,847.0700073242188,829.1400146484375,831.530029296875,3024500,0.3103744318733614
2025-01-14,NFLX,828.4000244140625,828.4000244140625,844.8900146484375,823.52001953125,843.2000122070312,3037700,-1.4149821995014134
2025-01-15,NFLX,848.260009765625,848.260009765625,850.8400268554688,830.4099731445312,836.4400024414062,3181400,2.397390725043702
2025-01-16,NFLX,842.3699951171875,842.3699951171875,868.97998046875,842.02001953125,860.9600219726562,4028500,-0.694364296398331
2025-01-17,NFLX,858.0999755859375,858.0999755859375,865.0,852.1300048828125,859.7899780273438,3617600,1.8673481439188453
2025-01-21,NFLX,869.6799926757812,869.6799926757812,916.4000244140624,854.75,863.530029296875,9851400,1.3494950960622587
2025-01-22,NFLX,953.989990234375,953.989990234375,999.0,950.760009765625,998.030029296875,14273200,9.694370144033517
2025-01-23,NFLX,984.8599853515624,984.8599853515624,985.0,953.9000244140624,957.8099975585938,7752100,3.235882497006437
2025-01-24,NFLX,977.5900268554688,977.5900268554688,986.280029296875,967.6799926757812,984.4099731445312,4550400,-0.7381717811896449
2025-01-27,NFLX,971.8900146484376,971.8900146484376,982.27001953125,960.260009765625,971.0999755859376,4634200,-0.5830677533982254
2025-01-28,NFLX,971.8300170898438,971.8300170898438,977.9299926757812,957.2999877929688,966.7100219726562,3434000,-0.006173286862654
2025-01-29,NFLX,978.1500244140624,978.1500244140624,987.6400146484376,968.22998046875,980.0,2930700,0.6503202425403698
2025-01-30,NFLX,973.239990234375,973.239990234375,994.5900268554688,970.010009765625,986.75,3867800,-0.5019714826085875
2025-01-31,NFLX,976.760009765625,976.760009765625,990.2899780273438,974.0,974.0,3618700,0.3616805275749479
2025-02-03,NFLX,978.9400024414062,978.9400024414062,987.6900024414062,964.3800048828124,973.0,3724200,0.2231861106091193
2025-02-04,NFLX,994.8699951171876,994.8699951171876,1008.0,978.510009765625,980.469970703125,6000100,1.6272695605504817
2025-02-05,NFLX,1011.1099853515624,1011.1099853515624,1011.8300170898438,986.6799926757812,987.72998046875,3993400,1.6323731054389778
2025-02-06,NFLX,1015.6799926757812,1015.6799926757812,1016.3499755859376,1002.6099853515624,1007.8699951171876,3134300,0.4519792495798258
2025-02-07,NFLX,1013.9299926757812,1013.9299926757812,1027.760009765625,1005.6699829101562,1017.0,3212900,-0.1722983629311891
2024-01-25,SPY,4894.16015625,4894.16015625,4898.14990234375,4869.33984375,4886.66015625,4020430000,
2024-01-26,SPY,4890.97021484375,4890.97021484375,4906.68994140625,4881.47021484375,4888.91015625,3353400000,-0.0651785251076453
2024-01-29,SPY,4927.93017578125,4927.93017578125,4929.31005859375,4887.39990234375,4892.9501953125,3525160000,0.7556774896180896
2024-01-30,SPY,4924.97021484375,4924.97021484375,4931.08984375,4916.27001953125,4925.89013671875,3836130000,-0.0600649934539898
2024-01-31,SPY,4845.64990234375,4845.64990234375,4906.75,4845.14990234375,4899.18994140625,4696120000,-1.6105744611597972
2024-02-01,SPY,4906.18994140625,4906.18994140625,4906.97021484375,4853.52001953125,4861.10986328125,4386090000,1.2493688211609788
2024-02-02,SPY,4958.60986328125,4958.60986328125,4975.2900390625,4907.990234375,4916.06005859375,3974350000,1.068444607751462
2024-02-05,SPY,4942.81005859375,4942.81005859375,4957.18994140625,4918.08984375,4957.18994140625,4023640000,-0.3186337526672189
2024-02-06,SPY,4954.22998046875,4954.22998046875,4957.77001953125,4934.8798828125,4950.16015625,4440880000,0.2310410826963593
2024-02-07,SPY,4995.06005859375,4995.06005859375,4999.89013671875,4969.0498046875,4973.0498046875,4895590000,0.8241457963390042
2024-02-08,SPY,4997.91015625,4997.91015625,5000.39990234375,4987.08984375,4995.16015625,4341860000,0.0570583260825152
2024-02-09,SPY,5026.60986328125,5026.60986328125,5030.06005859375,5000.33984375,5004.169921875,3912990000,0.5742341525559524
2024-02-12,SPY,5021.83984375,5021.83984375,5048.39013671875,5016.830078125,5026.830078125,3805740000,-0.0948953601132673
2024-02-13,SPY,4953.169921875,4953.169921875,4971.2998046875,4920.31005859375,4967.93994140625,4302190000,-1.3674255653625456
2024-02-14,SPY,5000.6201171875,5000.6201171875,5002.52001953125,4956.4501953125,4976.43994140625,3845600000,0.957976327501764
2024-02-15,SPY,5029.72998046875,5029.72998046875,5032.72021484375,4999.43994140625,5003.14013671875,4137970000,0.5821250684729495
2024-02-16,SPY,5005.56982421875,5005.56982421875,5038.7001953125,4999.52001953125,5031.1298828125,3833270000,-0.4803469837112106
2024-02-20,SPY,4975.509765625,4975.509765625,4993.7099609375,4955.02001953125,4989.31982421875,4034880000,-0.6005322001165325
2024-02-21,SPY,4981.7998046875,4981.7998046875,4983.2099609375,4946.0,4963.02978515625,3788390000,0.1264199922982101
2024-02-22,SPY,5087.02978515625,5087.02978515625,5094.39013671875,5038.830078125,5038.830078125,4051710000,2.112288421741404
2024-02-23,SPY,5088.7998046875,5088.7998046875,5111.06005859375,5081.4599609375,5100.919921875,3672790000,0.0347947546211591
2024-02-26,SPY,5069.52978515625,5069.52978515625,5097.66015625,5068.91015625,5093.0,3683930000,-0.3786751350190576
2024-02-27,SPY,5078.18017578125,5078.18017578125,5080.68994140625,5057.2900390625,5074.60009765625,3925950000,0.1706349699399867
2024-02-28,SPY,5069.759765625,5069.759765625,5077.3701171875,5058.35009765625,5067.2001953125,3789370000,-0.1658155060430544
2024-02-29,SPY,5096.27001953125,5096.27001953125,5104.990234375,5061.89013671875,5085.35986328125,5219740000,0.5229094697149161
2024-03-01,SPY,5137.080078125,5137.080078125,5140.330078125,5094.16015625,5098.509765625,4748110000,0.800782894888763
2024-03-04,SPY,5130.9501953125,5130.9501953125,5149.669921875,5127.18017578125,5130.990234375,4758440000,-0.1193262070918965
2024-03-05,SPY,5078.64990234375,5078.64990234375,5114.5400390625,5056.81982421875,5110.52001953125,4418410000,-1.0193100883444606
2024-03-06,SPY,5104.759765625,5104.759765625,5127.97021484375,5092.22021484375,5108.02978515625,4559050000,0.5141103203274655
2024-03-07,SPY,5157.35986328125,5157.35986328125,5165.6201171875,5128.2099609375,5132.3798828125,4137980000,1.0304127925951478
2024-03-08,SPY,5123.68994140625,5123.68994140625,5189.259765625,5117.5,5164.4599609375,4208870000,-0.6528519003437983
2024-03-11,SPY,5117.93994140625,5117.93994140625,5124.66015625,5091.14013671875,5111.9599609375,3896430000,-0.1122238087346461
2024-03-12,SPY,5175.27001953125,5175.27001953125,5179.8701171875,5114.47998046875,5134.2998046875,4080510000,1.1201787981366396
2024-03-13,SPY,5165.31005859375,5165.31005859375,5179.14013671875,5151.8798828125,5173.490234375,4282890000,-0.1924529715340739
2024-03-14,SPY,5150.47998046875,5150.47998046875,5176.85009765625,5123.2998046875,5175.14013671875,4687970000,-0.2871091562127392
2024-03-15,SPY,5117.08984375,5117.08984375,5136.85986328125,5104.35009765625,5123.31005859375,7753670000,-0.6482917484461503
2024-03-18,SPY,5149.419921875,5149.419921875,5175.60009765625,5145.47021484375,5154.77001953125,4036220000,0.6318059504952345
2024-03-19,SPY,5178.509765625,5178.509765625,5180.31005859375,5131.58984375,5139.08984375,4031760000,0.5649149650123642
2024-03-20,SPY,5224.6201171875,5224.6201171875,5226.18994140625,5171.5498046875,5181.68994140625,4064850000,0.8904173912846591
2024-03-21,SPY,5241.52978515625,5241.52978515625,5261.10009765625,5240.66015625,5253.43017578125,4207730000,0.3236535401516027
2024-03-22,SPY,5234.18017578125,5234.18017578125,5246.08984375,5229.8701171875,5242.47998046875,3374700000,-0.140218784901569
2024-03-25,SPY,5218.18994140625,5218.18994140625,5229.08984375,5216.08984375,5219.52001953125,3331360000,-0.3054964452501529
2024-03-26,SPY,5203.580078125,5203.580078125,5235.16015625,5203.419921875,5228.85009765625,3871790000,-0.2799795225030266
2024-03-27,SPY,5248.490234375,5248.490234375,5249.259765625,5213.919921875,5226.31005859375,3850500000,0.8630626525532925
2024-03-28,SPY,5254.35009765625,5254.35009765625,5264.85009765625,5245.81982421875,5248.02978515625,3998270000,0.1116485507179021
2024-04-01,SPY,5243.77001953125,5243.77001953125,5263.9501953125,5229.2001953125,5257.97021484375,3325930000,-0.2013584540116464
2024-04-02,SPY,5205.81005859375,5205.81005859375,5208.33984375,5184.0498046875,5204.2900390625,3886590000,-0.723905907316913
2024-04-03,SPY,5211.490234375,5211.490234375,5228.75,5194.3701171875,5194.3701171875,3703250000,0.1091122364688113
2024-04-04,SPY,5147.2099609375,5147.2099609375,5256.58984375,5146.06005859375,5244.0498046875,4075680000,-1.2334336350379616
2024-04-05,SPY,5204.33984375,5204.33984375,5222.18017578125,5157.2099609375,5158.9501953125,3386780000,1.1099194174331697
2024-04-08,SPY,5202.39013671875,5202.39013671875,5219.56982421875,5197.35009765625,5211.3701171875,3278180000,-0.0374630998317915
2024-04-09,SPY,5209.91015625,5209.91015625,5224.81005859375,5160.77978515625,5217.02978515625,3400680000,0.1445493193248381
2024-04-10,SPY,5160.64013671875,5160.64013671875,5178.43017578125,5138.7001953125,5167.8798828125,3845930000,-0.9456980649108492
2024-04-11,SPY,5199.06005859375,5199.06005859375,5211.77978515625,5138.77001953125,5172.9501953125,3509380000,0.7444797710585593
2024-04-12,SPY,5123.41015625,5123.41015625,5175.02978515625,5107.93994140625,5171.509765625,3963220000,-1.455068829580164
2024-04-15,SPY,5061.81982421875,5061.81982421875,5168.43017578125,5052.47021484375,5149.669921875,3950210000,-1.202135494776202
2024-04-16,SPY,5051.41015625,5051.41015625,5079.83984375,5039.830078125,5064.58984375,4006200000,-0.205650701333615
2024-04-17,SPY,5022.2099609375,5022.2099609375,5077.9599609375,5007.25,5068.97021484375,3596130000,-0.5780602724641426
2024-04-18,SPY,5011.1201171875,5011.1201171875,5056.66015625,5001.89013671875,5031.52001953125,3619760000,-0.2208160119998248
2024-04-19,SPY,4967.22998046875,4967.22998046875,5019.02001953125,4953.56005859375,5005.43994140625,3878750000,-0.875854812743615
2024-04-22,SPY,5010.60009765625,5010.60009765625,5038.83984375,4969.39990234375,4987.330078125,3820250000,0.8731248071466746
2024-04-23,SPY,5070.5498046875,5070.5498046875,5076.1201171875,5027.9599609375,5028.85009765625,3751400000,1.1964576270872662
2024-04-24,SPY,5071.6298828125,5071.6298828125,5089.47998046875,5047.02001953125,5084.85986328125,3656740000,0.0213010061354879
2024-04-25,SPY,5048.419921875,5048.419921875,5057.75,4990.580078125,5019.8798828125,3958050000,-0.4576430353515626
2024-04-26,SPY,5099.9599609375,5099.9599609375,5114.6201171875,5073.14013671875,5084.64990234375,3604140000,1.020914263474304
2024-04-29,SPY,5116.169921875,5116.169921875,5123.490234375,5088.64990234375,5114.1298828125,3447450000,0.3178448666589117
2024-04-30,SPY,5035.68994140625,5035.68994140625,5110.830078125,5035.31005859375,5103.77978515625,4082470000,-1.5730513586862171
2024-05-01,SPY,5018.39013671875,5018.39013671875,5096.1201171875,5013.4501953125,5029.02978515625,4544170000,-0.3435438815494018
2024-05-02,SPY,5064.2001953125,5064.2001953125,5073.2099609375,5011.0498046875,5049.31982421875,4381660000,0.9128437077573048
2024-05-03,SPY,5127.7900390625,5127.7900390625,5139.1201171875,5101.22021484375,5122.77978515625,3924990000,1.2556739721478527
2024-05-06,SPY,5180.740234375,5180.740234375,5181.0,5142.419921875,5142.419921875,3683250000,1.032612390701182
2024-05-07,SPY,5187.7001953125,5187.7001953125,5200.22998046875,5178.9599609375,5187.2001953125,3987890000,0.1343429823275066
2024-05-08,SPY,5187.669921875,5187.669921875,5191.9501953125,5165.85986328125,5168.97998046875,3842100000,-0.0005835618166138
2024-05-09,SPY,5214.080078125,5214.080078125,5215.2998046875,5180.41015625,5189.02978515625,3727370000,0.5090947698625836
2024-05-10,SPY,5222.68017578125,5222.68017578125,5239.66015625,5209.68017578125,5225.490234375,3617900000,0.1649398844549843
2024-05-13,SPY,5221.419921875,5221.419921875,5237.259765625,5211.16015625,5233.080078125,4255710000,-0.0241304055357272
2024-05-14,SPY,5246.68017578125,5246.68017578125,5250.3701171875,5217.97998046875,5221.10009765625,4763580000,0.4837813139759728
2024-05-15,SPY,5308.14990234375,5308.14990234375,5311.759765625,5263.259765625,5263.259765625,4360810000,1.171592788259623
2024-05-16,SPY,5297.10009765625,5297.10009765625,5325.490234375,5296.18994140625,5310.06982421875,3817470000,-0.2081667792128705
2024-05-17,SPY,5303.27001953125,5303.27001953125,5305.4501953125,5283.58984375,5303.10009765625,3578120000,0.1164773510270222
2024-05-20,SPY,5308.1298828125,5308.1298828125,5325.31982421875,5302.39990234375,5305.35009765625,3420100000,0.0916389937406947
2024-05-21,SPY,5321.41015625,5321.41015625,5324.31982421875,5297.8701171875,5298.68994140625,3662240000,0.2501874243978186
2024-05-22,SPY,5307.009765625,5307.009765625,5323.18017578125,5286.009765625,5319.27978515625,3847130000,-0.2706123039226127
2024-05-23,SPY,5267.83984375,5267.83984375,5341.8798828125,5256.93017578125,5340.259765625,3869520000,-0.7380789485015526
2024-05-24,SPY,5304.72021484375,5304.72021484375,5311.64990234375,5278.39013671875,5281.4501953125,3005510000,0.700104258816947
2024-05-28,SPY,5306.0400390625,5306.0400390625,5315.91015625,5280.89013671875,5315.91015625,3751540000,0.0248801852934077
2024-05-29,SPY,5266.9501953125,5266.9501953125,5282.27001953125,5262.7001953125,5278.72998046875,3552750000,-0.7367046509680453
2024-05-30,SPY,5235.47998046875,5235.47998046875,5260.2099609375,5222.10009765625,5259.77001953125,3818750000,-0.5975035585443322
2024-05-31,SPY,5277.509765625,5277.509765625,5280.330078125,5191.68017578125,5243.2099609375,5437160000,0.802787620486467
2024-06-03,SPY,5283.39990234375,5283.39990234375,5302.10986328125,5234.31982421875,5297.14990234375,4046920000,0.1116082580673749
2024-06-04,SPY,5291.33984375,5291.33984375,5298.7998046875,5257.6298828125,5278.240234375,3707900000,0.1502809091306511
2024-06-05,SPY,5354.02978515625,5354.02978515625,5354.16015625,5297.64013671875,5314.47998046875,3591460000,1.1847649793331303
2024-06-06,SPY,5352.9599609375,5352.9599609375,5362.35009765625,5335.35986328125,5357.7998046875,3609990000,-0.0199816635633176
2024-06-07,SPY,5346.990234375,5346.990234375,5375.080078125,5331.330078125,5343.81005859375,3692760000,-0.111521973003037
2024-06-10,SPY,5360.7900390625,5360.7900390625,5365.7900390625,5331.52001953125,5341.22021484375,3622280000,0.258085466451452
2024-06-11,SPY,5375.31982421875,5375.31982421875,5375.9501953125,5327.25,5353.0,3568030000,0.2710381315137455
2024-06-12,SPY,5421.02978515625,5421.02978515625,5447.25,5409.1298828125,5409.1298828125,3962840000,0.8503672791998707
2024-06-13,SPY,5433.740234375,5433.740234375,5441.93017578125,5402.509765625,5441.93017578125,3530380000,0.2344655853681709
2024-06-14,SPY,5431.60009765625,5431.60009765625,5432.39013671875,5403.75,5424.080078125,3438650000,-0.0393860697500914
2024-06-17,SPY,5473.22998046875,5473.22998046875,5488.5,5420.39990234375,5431.10986328125,3447840000,0.7664386564552705
2024-06-18,SPY,5487.02978515625,5487.02978515625,5490.3798828125,5471.31982421875,5476.14990234375,3544330000,0.2521327394745754
2024-06-20,SPY,5473.169921875,5473.169921875,5505.52978515625,5455.56005859375,5499.990234375,3847060000,-0.2525931847270901
2024-06-21,SPY,5464.6201171875,5464.6201171875,5478.31005859375,5452.02978515625,5466.77001953125,6773800000,-0.1562130321101196
2024-06-24,SPY,5447.8701171875,5447.8701171875,5490.66015625,5447.58984375,5459.580078125,3696750000,-0.3065171894990004
2024-06-25,SPY,5469.2998046875,5469.2998046875,5472.8798828125,5446.56005859375,5460.72998046875,3591960000,0.3933590015736898
2024-06-26,SPY,5477.89990234375,5477.89990234375,5483.14013671875,5451.8701171875,5460.7099609375,3563920000,0.1572431200220325
2024-06-27,SPY,5482.8701171875,5482.8701171875,5490.81005859375,5467.5400390625,5473.58984375,3589530000,0.0907321223891477
2024-06-28,SPY,5460.47998046875,5460.47998046875,5523.64013671875,5451.1201171875,5488.47998046875,7199220000,-0.4083652583445674
2024-07-01,SPY,5475.08984375,5475.08984375,5479.5498046875,5446.52978515625,5471.080078125,3488760000,0.26755639309195
2024-07-02,SPY,5509.009765625,5509.009765625,5509.68994140625,5458.43017578125,5461.83984375,3329950000,0.6195317856513505
2024-07-03,SPY,5537.02001953125,5537.02001953125,5539.27001953125,5507.419921875,5507.43994140625,2179470000,0.5084444409779065
2024-07-05,SPY,5567.18994140625,5567.18994140625,5570.330078125,5531.6298828125,5537.91015625,3253080000,0.5448765178485582
2024-07-08,SPY,5572.85009765625,5572.85009765625,5583.10986328125,5562.509765625,5572.75,3185670000,0.1016698964751094
2024-07-09,SPY,5576.97998046875,5576.97998046875,5590.75,5574.56982421875,5584.240234375,3232920000,0.0741071936285697
2024-07-10,SPY,5633.91015625,5633.91015625,5635.39013671875,5586.43994140625,5591.259765625,3336100000,1.0208065293514812
2024-07-11,SPY,5584.5400390625,5584.5400390625,5642.4501953125,5576.52978515625,5635.2099609375,4020950000,-0.8763028841120457
2024-07-12,SPY,5615.35009765625,5615.35009765625,5655.56005859375,5590.43994140625,5590.759765625,3700280000,0.5517027074430692
2024-07-15,SPY,5631.22021484375,5631.22021484375,5666.93994140625,5614.75,5638.16015625,3620470000,0.282620262521549
2024-07-16,SPY,5667.2001953125,5667.2001953125,5669.669921875,5639.02001953125,5644.08984375,4041760000,0.6389375498743188
2024-07-17,SPY,5588.27001953125,5588.27001953125,5622.490234375,5584.81005859375,5610.06982421875,4246450000,-1.3927543241993745
2024-07-18,SPY,5544.58984375,5544.58984375,5614.0498046875,5522.81005859375,5608.56005859375,4007510000,-0.7816403936922511
2024-07-19,SPY,5505.0,5505.0,5557.5,5497.0400390625,5543.3701171875,3760570000,-0.7140265531926926
2024-07-22,SPY,5564.41015625,5564.41015625,5570.35986328125,5529.0400390625,5544.5400390625,3375180000,1.079203564940956
2024-07-23,SPY,5555.740234375,5555.740234375,5585.33984375,5550.89990234375,5565.2998046875,3500210000,-0.1558102589770738
2024-07-24,SPY,5427.1298828125,5427.1298828125,5508.0400390625,5419.97998046875,5505.83984375,3945550000,-2.314909375473495
2024-07-25,SPY,5399.22021484375,5399.22021484375,5491.58984375,5390.9501953125,5428.7001953125,4592120000,-0.5142620237842288
2024-07-26,SPY,5459.10009765625,5459.10009765625,5488.31982421875,5430.7001953125,5433.669921875,3638770000,1.1090468702846357
2024-07-29,SPY,5463.5400390625,5463.5400390625,5487.740234375,5444.43994140625,5476.5498046875,3379970000,0.0813310129293309
2024-07-30,SPY,5436.43994140625,5436.43994140625,5489.4599609375,5401.7001953125,5478.72998046875,3777740000,-0.4960171878030217
2024-07-31,SPY,5522.2998046875,5522.2998046875,5551.509765625,5493.75,5505.58984375,4546910000,1.57933986591674
2024-08-01,SPY,5446.68017578125,5446.68017578125,5566.16015625,5410.419921875,5537.83984375,4703620000,-1.3693502993456064
2024-08-02,SPY,5346.56005859375,5346.56005859375,5383.89013671875,5302.02978515625,5376.6298828125,5156450000,-1.838186086869676
2024-08-05,SPY,5186.330078125,5186.330078125,5250.89013671875,5119.259765625,5151.14013671875,5333250000,-2.996879838863975
2024-08-06,SPY,5240.02978515625,5240.02978515625,5312.33984375,5193.56005859375,5206.419921875,4690190000,1.0354085880061037
2024-08-07,SPY,5199.5,5199.5,5330.64013671875,5195.5400390625,5293.1298828125,4558260000,-0.7734647858502863
2024-08-08,SPY,5319.31005859375,5319.31005859375,5328.02978515625,5233.85009765625,5252.56982421875,4016830000,2.3042611519136447
2024-08-09,SPY,5344.16015625,5344.16015625,5358.669921875,5300.83984375,5314.66015625,3516400000,0.4671676849538508
2024-08-12,SPY,5344.39013671875,5344.39013671875,5371.2001953125,5324.3701171875,5351.8798828125,3360160000,0.0043033977655149
2024-08-13,SPY,5434.43017578125,5434.43017578125,5436.5,5376.97998046875,5376.97998046875,3648980000,1.6847579753558328
2024-08-14,SPY,5455.2099609375,5455.2099609375,5463.22021484375,5415.91015625,5442.35986328125,3380050000,0.38237284285767
2024-08-15,SPY,5543.22021484375,5543.22021484375,5546.22998046875,5501.1298828125,5501.1298828125,3723310000,1.6133247764330785
2024-08-16,SPY,5554.25,5554.25,5561.97998046875,5525.169921875,5530.5,3357690000,0.1989779357261412
2024-08-19,SPY,5608.25,5608.25,5608.2998046875,5550.740234375,5557.22998046875,3222050000,0.9722284736913168
2024-08-20,SPY,5597.1201171875,5597.1201171875,5620.509765625,5585.5,5602.8798828125,2994420000,-0.1984555398297116
2024-08-21,SPY,5620.85009765625,5620.85009765625,5632.68017578125,5591.56982421875,5603.08984375,3119670000,0.4239676828782013
2024-08-22,SPY,5570.64013671875,5570.64013671875,5643.22021484375,5560.9501953125,5637.77001953125,2981530000,-0.8932805548120926
2024-08-23,SPY,5634.60986328125,5634.60986328125,5641.81982421875,5585.16015625,5602.490234375,3291940000,1.148337085011919
2024-08-26,SPY,5616.83984375,5616.83984375,5651.6201171875,5602.33984375,5639.66015625,2938570000,-0.3153726693138181
2024-08-27,SPY,5625.7998046875,5625.7998046875,5631.18017578125,5593.47998046875,5602.89013671875,2798990000,0.1595196086545014
2024-08-28,SPY,5592.18017578125,5592.18017578125,5627.02978515625,5560.9501953125,5624.509765625,3053450000,-0.597597320797616
2024-08-29,SPY,5591.9599609375,5591.9599609375,5646.9501953125,5583.7099609375,5607.2998046875,3065640000,-0.0039379068060729
2024-08-30,SPY,5648.39990234375,5648.39990234375,5651.3701171875,5581.7900390625,5612.740234375,4185850000,1.0093051774424433
2024-09-03,SPY,5528.93017578125,5528.93017578125,5623.89013671875,5504.330078125,5623.89013671875,3866350000,-2.115107439771169
2024-09-04,SPY,5520.06982421875,5520.06982421875,5552.990234375,5503.66015625,5506.68017578125,3478140000,-0.1602543580910387
2024-09-05,SPY,5503.41015625,5503.41015625,5546.2998046875,5480.5400390625,5520.080078125,3521650000,-0.3018017615584734
2024-09-06,SPY,5408.419921875,5408.419921875,5522.47021484375,5402.6201171875,5507.330078125,3822800000,-1.7260249859284649
2024-09-09,SPY,5471.0498046875,5471.0498046875,5484.2001953125,5434.490234375,5442.06982421875,3825940000,1.15800702824842
2024-09-10,SPY,5495.52001953125,5495.52001953125,5497.91015625,5441.72021484375,5490.509765625,3848180000,0.4472672652839682
2024-09-11,SPY,5554.1298828125,5554.1298828125,5560.41015625,5406.9599609375,5496.419921875,3839450000,1.0665025888896509
2024-09-12,SPY,5595.759765625,5595.759765625,5600.7099609375,5535.5,5557.47998046875,3655070000,0.7495302358939249
2024-09-13,SPY,5626.02001953125,5626.02001953125,5636.27001953125,5601.64990234375,5603.33984375,3500790000,0.5407711405364557
2024-09-16,SPY,5633.08984375,5633.08984375,5636.0498046875,5604.52978515625,5615.2099609375,3437070000,0.1256629765661321
2024-09-17,SPY,5634.580078125,5634.580078125,5670.81005859375,5614.0498046875,5655.509765625,3443600000,0.0264550081098713
2024-09-18,SPY,5618.259765625,5618.259765625,5689.75,5615.080078125,5641.68017578125,3691390000,-0.2896455862498093
2024-09-19,SPY,5713.64013671875,5713.64013671875,5733.56982421875,5686.419921875,5702.6298828125,4024530000,1.697685316676334
2024-09-20,SPY,5702.5498046875,5702.5498046875,5715.14013671875,5674.490234375,5709.64013671875,7867260000,-0.1941027395123806
2024-09-23,SPY,5718.56982421875,5718.56982421875,5725.35986328125,5704.22021484375,5711.89990234375,3529550000,0.2809273058532735
2024-09-24,SPY,5732.93017578125,5732.93017578125,5735.31982421875,5698.990234375,5727.66015625,3872710000,0.2511178844347039
2024-09-25,SPY,5722.259765625,5722.259765625,5741.02978515625,5712.06005859375,5733.64990234375,3624910000,-0.1861248930141723
2024-09-26,SPY,5745.3701171875,5745.3701171875,5767.3701171875,5721.009765625,5762.22021484375,4391180000,0.403867571712313
2024-09-27,SPY,5738.169921875,5738.169921875,5763.77978515625,5727.33984375,5755.35986328125,3898530000,-0.1253216966990544
2024-09-30,SPY,5762.47998046875,5762.47998046875,5765.14013671875,5703.52978515625,5726.52001953125,4425730000,0.4236552581176722
2024-10-01,SPY,5708.75,5708.75,5757.72998046875,5681.27978515625,5757.72998046875,4025180000,-0.9324107094664358
2024-10-02,SPY,5709.5400390625,5709.5400390625,5719.6298828125,5674.0,5698.14013671875,3829050000,0.0138390902123974
2024-10-03,SPY,5699.93994140625,5699.93994140625,5718.77978515625,5677.3701171875,5698.18994140625,3597450000,-0.1681413492255035
2024-10-04,SPY,5751.06982421875,5751.06982421875,5753.2099609375,5702.830078125,5737.47998046875,3479400000,0.8970249395274354
2024-10-07,SPY,5695.93994140625,5695.93994140625,5739.33984375,5686.85009765625,5737.7998046875,3637790000,-0.9586022165882668
2024-10-08,SPY,5751.1298828125,5751.1298828125,5757.60009765625,5714.56005859375,5719.14013671875,3393400000,0.9689347495581924
2024-10-09,SPY,5792.0400390625,5792.0400390625,5796.7998046875,5745.02001953125,5751.7998046875,3650340000,0.7113411987488272
2024-10-10,SPY,5780.0498046875,5780.0498046875,5795.02978515625,5764.759765625,5778.35986328125,3208790000,-0.2070122839989974
2024-10-11,SPY,5815.02978515625,5815.02978515625,5822.1298828125,5775.08984375,5775.08984375,3208720000,0.6051847587953629
2024-10-14,SPY,5859.85009765625,5859.85009765625,5871.41015625,5829.56982421875,5829.81005859375,3005250000,0.770766688322233
2024-10-15,SPY,5815.259765625,5815.259765625,5870.35986328125,5804.47998046875,5866.740234375,3882120000,-0.7609466332438197
2024-10-16,SPY,5842.47021484375,5842.47021484375,5846.52001953125,5808.33984375,5816.580078125,3467230000,0.4679145956573816
2024-10-17,SPY,5841.47021484375,5841.47021484375,5878.4599609375,5840.25,5875.6201171875,3480010000,-0.0171160478911747
2024-10-18,SPY,5864.669921875,5864.669921875,5872.169921875,5846.10986328125,5859.43017578125,3374490000,0.397155273894878
2024-10-21,SPY,5853.97998046875,5853.97998046875,5866.919921875,5824.7900390625,5857.81982421875,3407010000,-0.1822769490636977
2024-10-22,SPY,5851.2001953125,5851.2001953125,5863.0400390625,5821.169921875,5832.7001953125,3342080000,-0.0474853888384418
2024-10-23,SPY,5797.419921875,5797.419921875,5834.85009765625,5762.41015625,5834.5,3532650000,-0.9191323428069388
2024-10-24,SPY,5809.85986328125,5809.85986328125,5817.7998046875,5784.919921875,5817.7998046875,3543030000,0.2145772011323821
2024-10-25,SPY,5808.1201171875,5808.1201171875,5862.81982421875,5799.97998046875,5826.75,3501280000,-0.0299447169930133
2024-10-28,SPY,5823.52001953125,5823.52001953125,5842.919921875,5823.080078125,5833.93017578125,3691280000,0.2651443502033945
2024-10-29,SPY,5832.919921875,5832.919921875,5847.18994140625,5802.169921875,5819.68017578125,3879100000,0.1614127248163344
2024-10-30,SPY,5813.669921875,5813.669921875,5850.93994140625,5811.27978515625,5832.64990234375,3851120000,-0.3300233889343751
2024-10-31,SPY,5705.4501953125,5705.4501953125,5775.33984375,5702.85986328125,5775.33984375,4425660000,-1.8614700871699583
2024-11-01,SPY,5728.7998046875,5728.7998046875,5772.52001953125,5723.22021484375,5723.22021484375,3796450000,0.4092509543626166
2024-11-04,SPY,5712.68994140625,5712.68994140625,5741.43017578125,5696.509765625,5725.14990234375,3602060000,-0.2812083478299976
2024-11-05,SPY,5782.759765625,5782.759765625,5783.43994140625,5722.10009765625,5722.43017578125,3768310000,1.2265644545291332
2024-11-06,SPY,5929.0400390625,5929.0400390625,5936.14013671875,5864.89013671875,5864.89013671875,6329530000,2.5295927786425976
2024-11-07,SPY,5973.10009765625,5973.10009765625,5983.83984375,5947.2099609375,5947.2099609375,4925740000,0.7431229727488331
2024-11-08,SPY,5995.5400390625,5995.5400390625,6012.4501953125,5976.759765625,5976.759765625,4666740000,0.3756833309231711
2024-11-11,SPY,6001.35009765625,6001.35009765625,6017.31005859375,5986.68994140625,6008.85986328125,4333000000,0.0969063429798744
2024-11-12,SPY,5983.990234375,5983.990234375,6009.919921875,5960.080078125,6003.60009765625,4243400000,-0.289265965137242
2024-11-13,SPY,5985.3798828125,5985.3798828125,6008.18994140625,5965.91015625,5985.75,4220180000,0.023222772482434
2024-11-14,SPY,5949.169921875,5949.169921875,5993.8798828125,5942.27978515625,5989.68017578125,4184570000,-0.6049734794859041
2024-11-15,SPY,5870.6201171875,5870.6201171875,5915.31982421875,5853.009765625,5912.7900390625,4590960000,-1.3203489851361216
2024-11-18,SPY,5893.6201171875,5893.6201171875,5908.1201171875,5865.9501953125,5874.169921875,3983860000,0.3917814394541086
2024-11-19,SPY,5916.97998046875,5916.97998046875,5923.509765625,5855.2900390625,5870.0498046875,4036940000,0.3963584828470035
2024-11-20,SPY,5917.10986328125,5917.10986328125,5920.669921875,5860.56005859375,5914.33984375,3772620000,0.0021950862252095
2024-11-21,SPY,5948.7099609375,5948.7099609375,5963.31982421875,5887.259765625,5940.580078125,4230120000,0.5340461540581654
2024-11-22,SPY,5969.33984375,5969.33984375,5972.89990234375,5944.35986328125,5944.35986328125,4141420000,0.3467959094991535
2024-11-25,SPY,5987.3701171875,5987.3701171875,6020.75,5963.91015625,5992.27978515625,5633150000,0.3020480305938378
2024-11-26,SPY,6021.6298828125,6021.6298828125,6025.419921875,5992.27001953125,6000.02978515625,3835170000,0.5722005647630368
2024-11-27,SPY,5998.740234375,5998.740234375,6020.16015625,5984.8701171875,6014.10986328125,3363340000,-0.3801238017440034
2024-11-29,SPY,6032.3798828125,6032.3798828125,6044.169921875,6003.97998046875,6003.97998046875,2444420000,0.5607785488815242
2024-12-02,SPY,6047.14990234375,6047.14990234375,6053.580078125,6035.330078125,6040.10986328125,4412470000,0.2448456466299875
2024-12-03,SPY,6049.8798828125,6049.8798828125,6052.06982421875,6033.39013671875,6042.97021484375,4095000000,0.0451449114514668
2024-12-04,SPY,6086.490234375,6086.490234375,6089.83984375,6061.06005859375,6069.39013671875,4003390000,0.6051417924264779
2024-12-05,SPY,6075.10986328125,6075.10986328125,6094.5498046875,6072.89990234375,6089.02978515625,4212020000,-0.1869775626924807
2024-12-06,SPY,6090.27001953125,6090.27001953125,6099.97021484375,6079.97998046875,6081.3798828125,3924830000,0.2495453842181527
2024-12-09,SPY,6052.85009765625,6052.85009765625,6088.509765625,6048.6298828125,6083.009765625,4556460000,-0.6144213927296471
2024-12-10,SPY,6034.91015625,6034.91015625,6065.39990234375,6029.89013671875,6057.58984375,4048410000,-0.2963883313944371
2024-12-11,SPY,6084.18994140625,6084.18994140625,6092.58984375,6060.14990234375,6060.14990234375,4269950000,0.8165786048233592
2024-12-12,SPY,6051.25,6051.25,6079.68017578125,6051.25,6074.2900390625,3678010000,-0.5414022527810203
2024-12-13,SPY,6051.08984375,6051.08984375,6078.580078125,6035.77001953125,6068.169921875,3584960000,-0.00264666391242
2024-12-16,SPY,6074.080078125,6074.080078125,6085.18994140625,6059.14013671875,6063.7900390625,4391100000,0.3799354326022186
2024-12-17,SPY,6050.60986328125,6050.60986328125,6057.68017578125,6035.18994140625,6052.5498046875,4544500000,-0.3863994965801476
2024-12-18,SPY,5872.16015625,5872.16015625,6070.669921875,5867.7900390625,6047.64990234375,5246960000,-2.949284635160343
2024-12-19,SPY,5867.080078125,5867.080078125,5935.52001953125,5866.06982421875,5912.7099609375,4896880000,-0.0865112324907046
2024-12-20,SPY,5930.85009765625,5930.85009765625,5982.06005859375,5832.2998046875,5842.0,8223220000,1.0869123768910471
2024-12-23,SPY,5974.06982421875,5974.06982421875,5978.25,5902.56982421875,5940.25,3593280000,0.7287273468533639
2024-12-24,SPY,6040.0400390625,6040.0400390625,6040.10009765625,5981.43994140625,5984.6298828125,1757720000,1.104275925539211
2024-12-26,SPY,6037.58984375,6037.58984375,6049.75,6007.3701171875,6024.97021484375,2904530000,-0.0405658786473916
2024-12-27,SPY,5970.83984375,5970.83984375,6006.169921875,5932.9501953125,6006.169921875,3159610000,-1.1055736101235558
2024-12-30,SPY,5906.93994140625,5906.93994140625,5940.7900390625,5869.16015625,5920.669921875,3433250000,-1.0701995701766776
2024-12-31,SPY,5881.6298828125,5881.6298828125,5929.740234375,5868.85986328125,5919.740234375,3128350000,-0.4284800394927401
2025-01-02,SPY,5868.5498046875,5868.5498046875,5935.08984375,5829.52978515625,5903.259765625,3621680000,-0.2223886641222194
2025-01-03,SPY,5942.47021484375,5942.47021484375,5949.33984375,5888.66015625,5891.06982421875,3667340000,1.259602672149196
2025-01-06,SPY,5975.3798828125,5975.3798828125,6021.0400390625,5960.009765625,5982.81005859375,4940120000,0.5538045085450305
2025-01-07,SPY,5909.02978515625,5909.02978515625,6000.68017578125,5890.68017578125,5993.259765625,4517330000,-1.110391288210788
2025-01-08,SPY,5918.25,5918.25,5927.89013671875,5874.77978515625,5910.66015625,4441740000,0.1560360190925314
2025-01-10,SPY,5827.0400390625,5827.0400390625,5890.35009765625,5807.77978515625,5890.35009765625,4751930000,-1.541164380306681
2025-01-13,SPY,5836.22021484375,5836.22021484375,5838.60986328125,5773.31005859375,5782.02001953125,4421200000,0.1575444088200761
2025-01-14,SPY,5842.91015625,5842.91015625,5871.919921875,5805.419921875,5859.27001953125,4142280000,0.1146279811244044
2025-01-15,SPY,5949.91015625,5949.91015625,5960.60986328125,5905.2099609375,5905.2099609375,4544570000,1.8312792279639112
2025-01-16,SPY,5937.33984375,5937.33984375,5964.68994140625,5930.72021484375,5963.60986328125,4285810000,-0.2112689464192296
2025-01-17,SPY,5996.66015625,5996.66015625,6014.9599609375,5978.43994140625,5995.39990234375,4366830000,0.9991058969353706
2025-01-21,SPY,6049.240234375,6049.240234375,6051.509765625,6006.8798828125,6014.1201171875,4702920000,0.8768227105582893
2025-01-22,SPY,6086.3701171875,6086.3701171875,6100.81005859375,6076.1298828125,6081.39013671875,4323040000,0.6137941522227575
2025-01-23,SPY,6118.7099609375,6118.7099609375,6118.72998046875,6074.669921875,6076.31982421875,4432250000,0.531348622041139
2025-01-24,SPY,6101.240234375,6101.240234375,6128.18017578125,6088.740234375,6121.43017578125,4214250000,-0.2855132319398823
2025-01-27,SPY,6012.27978515625,6012.27978515625,6017.169921875,5962.919921875,5969.0400390625,5198750000,-1.4580715690809545
2025-01-28,SPY,6067.7001953125,6067.7001953125,6074.5400390625,5994.6298828125,6026.97021484375,4473640000,0.9217869449967608
2025-01-29,SPY,6039.31005859375,6039.31005859375,6062.830078125,6012.9599609375,6057.7001953125,4115310000,-0.4678895760321544
2025-01-30,SPY,6071.169921875,6071.169921875,6086.64013671875,6027.4599609375,6050.75,4634620000,0.5275414405311762
2025-01-31,SPY,6040.52978515625,6040.52978515625,6120.91015625,6030.93017578125,6096.7900390625,4843770000,-0.5046825754019935
2025-02-03,SPY,5994.56982421875,5994.56982421875,6022.1298828125,5923.93017578125,5969.64990234375,4797210000,-0.7608597684666707
2025-02-04,SPY,6037.8798828125,6037.8798828125,6042.47998046875,5990.8701171875,5998.14013671875,4410160000,0.7224881828679752
2025-02-05,SPY,6061.47998046875,6061.47998046875,6062.85986328125,6007.06005859375,6020.4501953125,4756250000,0.3908672930614365
2025-02-06,SPY,6083.56982421875,6083.56982421875,6084.02978515625,6046.830078125,6072.22021484375,4847120000,0.3644298722618622
2025-02-07,SPY,6025.990234375,6025.990234375,6101.27978515625,6019.9599609375,6083.1298828125,4766900000,-0.9464770111542896
