id,name,first_air_date,popularity,vote_average,vote_count,provider,provider_id,content-type,Action & Adventure,Animation,Comedy,Crime,Documentary,Drama,Family,Kids,Mystery,News,Reality,Sci-Fi & Fantasy,Soap,Talk,War & Politics,Western,Action,Adventure,Fantasy,History,Horror,Music,Romance,Science Fiction,TV Movie,Thriller,War,release_date,ticker
207332,SAKAMOTO DAYS,2025-01-11,39.971,8.2,110,Netflix,8,TV Show,1,1,1,0,0,0,0,0,0,0,0,0,0,0,0,0,0,0,0,0,0,0,0,0,0,0,0,2025-01-11,NFLX
204635,Orb: On the Movements of the Earth,2024-10-05,24.262,7.881,21,Netflix,8,TV Show,0,1,0,0,0,1,0,0,0,0,0,0,0,0,0,0,0,0,0,0,0,0,0,0,0,0,0,2024-10-05,NFLX
276903,The Hot Spot,2025-01-12,22.022,7.7,3,Netflix,8,TV Show,0,0,1,0,0,0,0,0,0,0,0,1,0,0,0,0,0,0,0,0,0,0,0,0,0,0,0,2025-01-12,NFLX
236000,Kinnikuman Perfect Origin Arc,2024-07-14,21.608,4.6,7,Netflix,8,TV Show,1,1,1,0,0,0,0,0,0,0,0,0,0,0,0,0,0,0,0,0,0,0,0,0,0,0,0,2024-07-14,NFLX
273051,Babanba Banban Vampire,2025-01-11,13.718,8.3,7,Netflix,8,TV Show,0,1,1,0,0,0,0,0,0,0,0,0,0,0,0,0,0,0,0,0,0,0,0,0,0,0,0,2025-01-11,NFLX
278421,Hell for You,2025-01-14,11.453,8.6,5,Netflix,8,TV Show,0,0,0,0,0,1,0,0,0,0,0,0,0,0,0,0,0,0,0,0,0,0,0,0,0,0,0,2025-01-14,NFLX
278338,Japan's Number One Jerk Salaryman,2025-01-09,8.503,0.0,0,Netflix,8,TV Show,0,0,0,0,0,1,0,0,0,0,0,0,0,0,0,0,0,0,0,0,0,0,0,0,0,0,0,2025-01-09,NFLX
275998,Who Saw the Peacock Dance in the Jungle?,2025-01-24,8.093,8.7,6,Netflix,8,TV Show,0,0,0,0,0,1,0,0,1,0,0,0,0,0,0,0,0,0,0,0,0,0,0,0,0,0,0,2025-01-24,NFLX
261510,Live from the Other Side with Tyler Henry,2024-09-17,7.788,6.0,3,Netflix,8,TV Show,0,0,0,0,0,0,0,0,0,0,1,0,0,0,0,0,0,0,0,0,0,0,0,0,0,0,0,2024-09-17,NFLX
207347,Blue Box,2024-10-03,7.022,8.5,17,Netflix,8,TV Show,0,1,1,0,0,1,0,0,0,0,0,0,0,0,0,0,0,0,0,0,0,0,0,0,0,0,0,2024-10-03,NFLX
236994,Dragon Ball DAIMA,2024-10-11,5.758,8.149,410,Netflix,8,TV Show,1,1,1,0,0,0,0,0,0,0,0,1,0,0,0,0,0,0,0,0,0,0,0,0,0,0,0,2024-10-11,NFLX
279868,Inheritance Detective,2025-01-25,5.334,8.5,2,Netflix,8,TV Show,0,0,0,0,0,1,0,0,1,0,0,0,0,0,0,0,0,0,0,0,0,0,0,0,0,0,0,2025-01-25,NFLX
283209,Excellency,2025-01-28,4.945,0.0,0,Netflix,8,TV Show,0,0,0,0,0,0,1,0,1,0,0,0,0,1,0,0,0,0,0,0,0,0,0,0,0,0,0,2025-01-28,NFLX
237512,Jurassic World: Chaos Theory,2024-05-24,4.881,8.4,126,Netflix,8,TV Show,1,1,0,0,0,0,1,1,0,0,0,1,0,0,0,0,0,0,0,0,0,0,0,0,0,0,0,2024-05-24,NFLX
236235,The Gentlemen,2024-03-07,4.172,7.868,538,Netflix,8,TV Show,0,0,1,1,0,1,0,0,0,0,0,0,0,0,0,0,0,0,0,0,0,0,0,0,0,0,0,2024-03-07,NFLX
225385,Black Doves,2024-12-05,4.065,7.148,236,Netflix,8,TV Show,1,0,0,1,0,0,0,0,1,0,0,0,0,0,0,0,0,0,0,0,0,0,0,0,0,0,0,2024-12-05,NFLX
241259,Baby Reindeer,2024-04-11,4.041,7.633,845,Netflix,8,TV Show,0,0,0,0,0,1,0,0,0,0,0,0,0,0,0,0,0,0,0,0,0,0,0,0,0,0,0,2024-04-11,NFLX
246246,Beauty in Black,2024-10-24,4.03,7.5,42,Netflix,8,TV Show,0,0,0,0,0,1,0,0,0,0,0,0,0,0,0,0,0,0,0,0,0,0,0,0,0,0,0,2024-10-24,NFLX
215866,American Primeval,2025-01-09,4.015,7.674,250,Netflix,8,TV Show,1,0,0,0,0,1,0,0,0,0,0,0,0,0,0,1,0,0,0,0,0,0,0,0,0,0,0,2025-01-09,NFLX
94028,RIPLEY,2024-04-04,3.997,8.0,272,Netflix,8,TV Show,0,0,0,0,0,1,0,0,0,0,0,0,0,0,0,0,0,0,0,0,0,0,0,0,0,0,0,2024-04-04,NFLX
108545,3 Body Problem,2024-03-21,3.939,7.492,1079,Netflix,8,TV Show,0,0,0,0,0,1,0,0,1,0,0,1,0,0,0,0,0,0,0,0,0,0,0,0,0,0,0,2024-03-21,NFLX
240411,Dan Da Dan,2024-10-04,3.909,8.7,433,Netflix,8,TV Show,1,1,1,0,0,0,0,0,0,0,0,1,0,0,0,0,0,0,0,0,0,0,0,0,0,0,0,2024-10-04,NFLX
253905,When the Phone Rings,2024-11-22,3.9,8.451,214,Netflix,8,TV Show,0,0,0,0,0,1,0,0,1,0,0,0,0,0,0,0,0,0,0,0,0,0,0,0,0,0,0,2024-11-22,NFLX
215720,Queen of Tears,2024-03-09,3.894,8.3,360,Netflix,8,TV Show,0,0,1,0,0,1,1,0,0,0,0,0,0,0,0,0,0,0,0,0,0,0,0,0,0,0,0,2024-03-09,NFLX
241269,Bandidos,2024-03-13,3.86,7.3,121,Netflix,8,TV Show,1,0,0,0,0,0,0,0,0,0,0,0,0,0,0,0,0,0,0,0,0,0,0,0,0,0,0,2024-03-13,NFLX
242977,La Palma,2024-12-12,3.818,7.0,165,Netflix,8,TV Show,0,0,0,0,0,1,0,0,0,0,0,0,0,0,0,0,0,0,0,0,0,0,0,0,0,0,0,2024-12-12,NFLX
211039,Senna,2024-11-29,3.793,8.154,173,Netflix,8,TV Show,0,0,0,0,1,1,0,0,0,0,0,0,0,0,0,0,0,0,0,0,0,0,0,0,0,0,0,2024-11-29,NFLX
225634,Monsters,2024-09-19,3.782,7.644,348,Netflix,8,TV Show,0,0,0,1,0,1,0,0,0,0,0,0,0,0,0,0,0,0,0,0,0,0,0,0,0,0,0,2024-09-19,NFLX
207333,One Hundred Years of Solitude,2024-12-11,3.779,7.996,136,Netflix,8,TV Show,0,0,0,0,0,1,0,0,0,0,0,1,0,0,0,0,0,0,0,0,0,0,0,0,0,0,0,2024-12-11,NFLX
259140,Ranma1/2,2024-10-06,3.776,8.4,99,Netflix,8,TV Show,1,1,1,0,0,0,0,0,0,0,0,1,0,0,0,0,0,0,0,0,0,0,0,0,0,0,0,2024-10-06,NFLX
220056,The Madness,2024-11-28,3.748,6.5,104,Netflix,8,TV Show,1,0,0,1,0,1,0,0,0,0,0,0,0,0,0,0,0,0,0,0,0,0,0,0,0,0,0,2024-11-28,NFLX
245312,A Man on the Inside,2024-11-21,3.736,7.6,102,Netflix,8,TV Show,0,0,1,1,0,0,0,0,0,0,0,0,0,0,0,0,0,0,0,0,0,0,0,0,0,0,0,2024-11-21,NFLX
220564,The Perfect Couple,2024-09-05,3.727,6.8,225,Netflix,8,TV Show,0,0,0,1,0,1,0,0,1,0,0,0,0,0,0,0,0,0,0,0,0,0,0,0,0,0,0,2024-09-05,NFLX
102621,KAOS,2024-08-29,3.723,7.256,244,Netflix,8,TV Show,0,0,1,0,0,1,0,0,0,0,0,1,0,0,0,0,0,0,0,0,0,0,0,0,0,0,0,2024-08-29,NFLX
241454,Love Next Door,2024-08-17,3.716,8.13,154,Netflix,8,TV Show,0,0,1,0,0,1,0,0,0,0,0,0,0,0,0,0,0,0,0,0,0,0,0,0,0,0,0,2024-08-17,NFLX
252372,Murder Mindfully,2024-10-31,3.708,7.6,104,Netflix,8,TV Show,0,0,1,1,0,1,0,0,0,0,0,0,0,0,0,0,0,0,0,0,0,0,0,0,0,0,0,2024-10-31,NFLX
250923,Nobody Wants This,2024-09-26,3.705,7.6,156,Netflix,8,TV Show,0,0,1,0,0,1,0,0,0,0,0,0,0,0,0,0,0,0,0,0,0,0,0,0,0,0,0,2024-09-26,NFLX
218342,A Good Girl's Guide to Murder,2024-07-10,3.705,7.4,192,Netflix,8,TV Show,0,0,0,1,0,0,0,0,1,0,0,0,0,0,0,0,0,0,0,0,0,0,0,0,0,0,0,2024-07-10,NFLX
259730,The Accident,2024-08-21,3.68,7.5,104,Netflix,8,TV Show,0,0,0,0,0,1,0,0,0,0,0,0,0,0,0,0,0,0,0,0,0,0,0,0,0,0,0,2024-08-21,NFLX
271152,The Secret of the River,2024-10-09,3.678,8.1,123,Netflix,8,TV Show,0,0,0,0,0,1,0,0,0,0,0,0,0,0,0,0,0,0,0,0,0,0,0,0,0,0,0,2024-10-09,NFLX
82452,Avatar the Last Airbender,2024-02-22,3.667,7.876,889,Netflix,8,TV Show,1,0,0,0,0,1,1,0,0,0,0,1,0,0,0,0,0,0,0,0,0,0,0,0,0,0,0,2024-02-22,NFLX
210098,House of Ninjas,2024-02-15,3.663,7.1,124,Netflix,8,TV Show,1,0,0,0,0,1,0,0,0,0,0,0,0,0,0,0,0,0,0,0,0,0,0,0,0,0,0,2024-02-15,NFLX
97333,Twilight of the Gods,2024-09-19,3.661,7.825,103,Netflix,8,TV Show,1,1,0,0,0,0,0,0,0,0,0,1,0,0,0,0,0,0,0,0,0,0,0,0,0,0,0,2024-09-19,NFLX
217667,Eric,2024-05-30,3.648,7.041,218,Netflix,8,TV Show,0,0,0,0,0,1,0,0,1,0,0,0,0,0,0,0,0,0,0,0,0,0,0,0,0,0,0,2024-05-30,NFLX
239287,Terminator Zero,2024-08-29,3.647,7.2,148,Netflix,8,TV Show,1,1,0,0,0,0,0,0,0,0,0,1,0,0,0,0,0,0,0,0,0,0,0,0,0,0,0,2024-08-29,NFLX
156484,The 8 Show,2024-05-17,3.644,7.211,230,Netflix,8,TV Show,0,0,0,0,0,1,0,0,1,0,0,0,0,0,0,0,0,0,0,0,0,0,0,0,0,0,0,2024-05-17,NFLX
239966,The Asunta Case,2024-04-26,3.639,7.469,112,Netflix,8,TV Show,0,0,0,1,0,1,0,0,0,0,0,0,0,0,0,0,0,0,0,0,0,0,0,0,0,0,0,2024-04-26,NFLX
132750,Dead Boy Detectives,2024-04-25,3.639,7.8,244,Netflix,8,TV Show,0,0,0,0,0,1,0,0,1,0,0,1,0,0,0,0,0,0,0,0,0,0,0,0,0,0,0,2024-04-25,NFLX
244243,Missing You,2025-01-01,3.638,6.058,95,Netflix,8,TV Show,0,0,0,1,0,1,0,0,1,0,0,0,0,0,0,0,0,0,0,0,0,0,0,0,0,0,0,2025-01-01,NFLX
231749,Miss Night and Day,2024-06-15,3.635,8.504,131,Netflix,8,TV Show,0,0,1,0,0,0,0,0,1,0,0,1,0,0,0,0,0,0,0,0,0,0,0,0,0,0,0,2024-06-15,NFLX
208825,Parasyte: The Grey,2024-04-05,3.635,7.6,229,Netflix,8,TV Show,1,0,0,0,0,1,0,0,0,0,0,1,0,0,0,0,0,0,0,0,0,0,0,0,0,0,0,2024-04-05,NFLX
240667,One Day,2024-02-08,3.625,7.717,219,Netflix,8,TV Show,0,0,0,0,0,1,0,0,0,0,0,0,0,0,0,0,0,0,0,0,0,0,0,0,0,0,0,2024-02-08,NFLX
158141,Supacell,2024-06-27,3.624,7.5,191,Netflix,8,TV Show,1,0,0,0,0,1,0,0,0,0,0,1,0,0,0,0,0,0,0,0,0,0,0,0,0,0,0,2024-06-27,NFLX
226527,Hierarchy,2024-06-07,3.612,7.659,136,Netflix,8,TV Show,0,0,0,0,0,1,0,0,0,0,0,0,0,0,0,0,0,0,0,0,0,0,0,0,0,0,0,2024-06-07,NFLX
242876,Raising Voices,2024-05-31,3.611,7.8,382,Netflix,8,TV Show,0,0,0,0,0,1,0,0,0,0,0,0,0,0,0,0,0,0,0,0,0,0,0,0,0,0,0,2024-05-31,NFLX
206586,The Walking Dead: The Ones Who Live,2024-02-25,3.598,7.967,505,Netflix,8,TV Show,0,0,0,0,0,1,0,0,0,0,0,1,0,0,0,0,0,0,0,0,0,0,0,0,0,0,0,2024-02-25,NFLX
211079,Supersex,2024-03-06,3.594,6.7,113,Netflix,8,TV Show,0,0,0,0,0,1,0,0,0,0,0,0,0,0,0,0,0,0,0,0,0,0,0,0,0,0,0,2024-03-06,NFLX
241473,The Signal,2024-03-07,3.591,6.4,129,Netflix,8,TV Show,0,0,0,0,0,1,0,0,1,0,0,1,0,0,0,0,0,0,0,0,0,0,0,0,0,0,0,2024-03-07,NFLX
212588,Furies,2024-03-01,3.591,7.2,103,Netflix,8,TV Show,1,0,0,1,0,0,0,0,0,0,0,0,0,0,0,0,0,0,0,0,0,0,0,0,0,0,0,2024-03-01,NFLX
202783,A Killer Paradox,2024-02-09,3.587,7.4,130,Netflix,8,TV Show,0,0,1,1,0,1,0,0,1,0,0,0,0,0,0,0,0,0,0,0,0,0,0,0,0,0,0,2024-02-09,NFLX
279283,The Breakthrough,2025-01-07,3.536,7.0,82,Netflix,8,TV Show,0,0,0,1,0,1,0,0,0,0,0,0,0,0,0,0,0,0,0,0,0,0,0,0,0,0,0,2025-01-07,NFLX
219652,The Frog,2024-08-23,3.438,7.2,94,Netflix,8,TV Show,0,0,0,1,0,1,0,0,1,0,0,0,0,0,0,0,0,0,0,0,0,0,0,0,0,0,0,2024-08-23,NFLX
230448,Mr. Plankton,2024-11-08,3.432,8.147,78,Netflix,8,TV Show,0,0,1,0,0,1,0,0,0,0,0,0,0,0,0,0,0,0,0,0,0,0,0,0,0,0,0,2024-11-08,NFLX
252605,Geek Girl,2024-05-30,3.362,7.2,93,Netflix,8,TV Show,0,0,1,0,0,1,1,0,0,0,0,0,0,0,0,0,0,0,0,0,0,0,0,0,0,0,0,2024-05-30,NFLX
117830,Tomb Raider: The Legend of Lara Croft,2024-10-10,3.22,6.4,87,Netflix,8,TV Show,1,1,0,0,0,0,0,0,0,0,0,0,0,0,0,0,0,0,0,0,0,0,0,0,0,0,0,2024-10-10,NFLX
241257,Bodkin,2024-05-09,3.216,6.3,89,Netflix,8,TV Show,0,0,0,0,0,1,0,0,1,0,0,0,0,0,0,0,0,0,0,0,0,0,0,0,0,0,0,2024-05-09,NFLX
230003,The Cage,2024-11-08,3.115,6.8,83,Netflix,8,TV Show,1,0,0,0,0,1,0,0,0,0,0,0,0,0,0,0,0,0,0,0,0,0,0,0,0,0,0,2024-11-08,NFLX
230069,Breathless,2024-08-30,3.013,7.7,82,Netflix,8,TV Show,0,0,0,0,0,1,0,0,0,0,0,0,0,0,0,0,0,0,0,0,0,0,0,0,0,0,0,2024-08-30,NFLX
217553,The Trauma Code: Heroes on Call,2025-01-24,2.945,8.397,68,Netflix,8,TV Show,0,0,0,0,0,1,0,0,0,0,0,0,0,0,0,0,0,0,0,0,0,0,0,0,0,0,0,2025-01-24,NFLX
244431,Anthracite,2024-04-10,2.892,6.3,80,Netflix,8,TV Show,0,0,0,1,0,1,0,0,1,0,0,0,0,0,0,0,0,0,0,0,0,0,0,0,0,0,0,2024-04-10,NFLX
232616,The Atypical Family,2024-05-04,2.837,8.1,78,Netflix,8,TV Show,0,0,0,0,0,1,0,0,0,0,0,1,0,0,0,0,0,0,0,0,0,0,0,0,0,0,0,2024-05-04,NFLX
250162,The Decameron,2024-07-25,2.819,6.0,76,Netflix,8,TV Show,0,0,1,0,0,1,0,0,0,0,0,0,0,0,0,0,0,0,0,0,0,0,0,0,0,0,0,2024-07-25,NFLX
261615,Envious,2024-09-18,2.623,7.711,57,Netflix,8,TV Show,0,0,1,0,0,1,0,0,0,0,0,0,0,0,0,0,0,0,0,0,0,0,0,0,0,0,0,2024-09-18,NFLX
248311,The Family Business: New Orleans,2025-01-23,2.563,10.0,4,Netflix,8,TV Show,0,0,0,1,0,1,0,0,0,0,0,0,0,0,0,0,0,0,0,0,0,0,0,0,0,0,0,2025-01-23,NFLX
278922,Private Banker,2025-01-09,2.522,7.0,3,Netflix,8,TV Show,0,0,0,0,0,1,0,0,0,0,0,0,0,0,0,0,0,0,0,0,0,0,0,0,0,0,0,2025-01-09,NFLX
219532,Exploding Kittens,2024-07-12,2.494,7.978,69,Netflix,8,TV Show,0,1,1,0,0,0,0,0,0,0,0,0,0,0,0,0,0,0,0,0,0,0,0,0,0,0,0,2024-07-12,NFLX
254821,Perfect Match,2025-01-25,2.415,8.4,48,Netflix,8,TV Show,0,0,0,0,0,1,0,0,0,0,0,0,0,0,0,0,0,0,0,0,0,0,0,0,0,0,0,2025-01-25,NFLX
263089,Mr. McMahon,2024-09-25,2.401,7.875,64,Netflix,8,TV Show,0,0,0,0,1,0,0,0,0,0,0,0,0,0,0,0,0,0,0,0,0,0,0,0,0,0,0,2024-09-25,NFLX
273081,Don't Come Home,2024-10-31,2.398,7.8,63,Netflix,8,TV Show,0,0,0,0,0,1,0,0,1,0,0,1,0,0,0,0,0,0,0,0,0,0,0,0,0,0,0,2024-10-31,NFLX
235995,Hot Wheels Let's Race,2024-03-04,2.38,8.1,15,Netflix,8,TV Show,1,1,0,0,0,0,0,1,0,0,0,0,0,0,0,0,0,0,0,0,0,0,0,0,0,0,0,2024-03-04,NFLX
236449,Bank Under Siege,2024-11-08,2.337,6.6,61,Netflix,8,TV Show,1,0,0,1,0,1,0,0,0,0,0,0,0,0,0,0,0,0,0,0,0,0,0,0,0,0,0,2024-11-08,NFLX
225120,A Man in Full,2024-05-02,2.334,6.5,63,Netflix,8,TV Show,0,0,0,0,0,1,0,0,0,0,0,0,0,0,0,0,0,0,0,0,0,0,0,0,0,0,0,2024-05-02,NFLX
154822,When the Stars Gossip,2025-01-04,2.273,7.828,32,Netflix,8,TV Show,0,0,1,0,0,1,0,0,0,0,0,1,0,0,0,0,0,0,0,0,0,0,0,0,0,0,0,2025-01-04,NFLX
258558,The Yara Gambirasio Case: Beyond Reasonable Doubt,2024-07-16,2.078,7.464,56,Netflix,8,TV Show,0,0,0,0,1,0,0,0,0,0,0,0,0,0,0,0,0,0,0,0,0,0,0,0,0,0,0,2024-07-16,NFLX
243202,Rhythm + Flow Italy,2024-02-19,2.026,6.7,13,Netflix,8,TV Show,0,0,0,0,0,0,0,0,0,0,1,0,0,0,0,0,0,0,0,0,0,0,0,0,0,0,0,2024-02-19,NFLX
278877,Public Disorder,2025-01-15,2.016,6.795,39,Netflix,8,TV Show,1,0,0,1,0,1,0,0,0,0,0,0,0,0,0,0,0,0,0,0,0,0,0,0,0,0,0,2025-01-15,NFLX
225467,1992,2024-12-13,1.983,6.38,50,Netflix,8,TV Show,0,0,0,0,0,1,0,0,1,0,0,0,0,0,0,0,0,0,0,0,0,0,0,0,0,0,0,2024-12-13,NFLX
253249,"Ashley Madison: Sex, Lies & Scandal",2024-05-15,1.947,6.8,53,Netflix,8,TV Show,0,0,0,0,1,0,0,0,0,0,0,0,0,0,0,0,0,0,0,0,0,0,0,0,0,0,0,2024-05-15,NFLX
139547,Goodbye Earth,2024-04-26,1.942,5.9,53,Netflix,8,TV Show,0,0,0,0,0,1,0,0,0,0,0,0,0,0,0,0,0,0,0,0,0,0,0,0,0,0,0,2024-04-26,NFLX
242879,The Last Night at Tremore Beach,2024-10-25,1.93,7.0,50,Netflix,8,TV Show,0,0,0,0,0,1,0,0,1,0,0,0,0,0,0,0,0,0,0,0,0,0,0,0,0,0,0,2024-10-25,NFLX
241112,No Good Deed,2024-12-12,1.911,6.2,47,Netflix,8,TV Show,0,0,1,0,0,1,0,0,0,0,0,0,0,0,0,0,0,0,0,0,0,0,0,0,0,0,0,2024-12-12,NFLX
259383,Cobra Kai: Inside the Dojo,2024-07-18,1.888,8.6,31,Netflix,8,TV Show,0,0,0,0,0,0,0,0,0,0,0,0,0,1,0,0,0,0,0,0,0,0,0,0,0,0,0,2024-07-18,NFLX
229906,Gundam: Requiem for Vengeance,2024-10-17,1.886,7.3,49,Netflix,8,TV Show,0,1,0,0,0,0,0,0,0,0,0,1,0,0,1,0,0,0,0,0,0,0,0,0,0,0,0,2024-10-17,NFLX
247441,Testament: The Story of Moses,2024-03-27,1.831,7.5,50,Netflix,8,TV Show,0,0,0,0,1,1,0,0,0,0,0,0,0,0,0,0,0,0,0,0,0,0,0,0,0,0,0,2024-03-27,NFLX
221120,Fiasco,2024-04-30,1.802,6.306,49,Netflix,8,TV Show,0,0,1,0,0,0,0,0,0,0,0,0,0,0,0,0,0,0,0,0,0,0,0,0,0,0,0,2024-04-30,NFLX
230777,The Trunk,2024-11-29,1.738,6.932,44,Netflix,8,TV Show,0,0,0,0,0,1,0,0,1,0,0,0,0,0,0,0,0,0,0,0,0,0,0,0,0,0,0,2024-11-29,NFLX
245684,Culinary Class Wars,2024-09-17,1.698,8.446,37,Netflix,8,TV Show,0,0,0,0,0,0,0,0,0,0,1,0,0,0,0,0,0,0,0,0,0,0,0,0,0,0,0,2024-09-17,NFLX
246799,Crooks,2024-04-04,1.693,7.0,46,Netflix,8,TV Show,1,0,0,1,0,1,0,0,0,0,0,0,0,0,0,0,0,0,0,0,0,0,0,0,0,0,0,2024-04-04,NFLX
265156,Deceitful Love,2024-10-09,1.666,6.895,43,Netflix,8,TV Show,0,0,0,0,0,1,0,0,0,0,0,0,0,0,0,0,0,0,0,0,0,0,0,0,0,0,0,2024-10-09,NFLX
243396,Territory,2024-10-24,1.647,6.869,42,Netflix,8,TV Show,1,0,0,0,0,1,0,0,0,0,0,0,0,0,0,1,0,0,0,0,0,0,0,0,0,0,0,2024-10-24,NFLX
204139,Primos,2024-07-25,22.235,7.0,6,Disney+,337,TV Show,0,1,1,0,0,0,0,1,0,0,0,0,0,0,0,0,0,0,0,0,0,0,0,0,0,0,0,2024-07-25,DIS
256075,Gypsy Rose: Life After Lock Up,2024-06-03,15.299,8.7,3,Disney+,337,TV Show,0,0,0,0,1,0,0,0,0,0,0,0,0,0,0,0,0,0,0,0,0,0,0,0,0,0,0,2024-06-03,DIS
239770,Doctor Who,2024-05-11,4.656,6.5,186,Disney+,337,TV Show,1,0,0,0,0,1,0,0,0,0,0,1,0,0,0,0,0,0,0,0,0,0,0,0,0,0,0,2024-05-11,DIS
138503,Your Friendly Neighborhood Spider-Man,2025-01-29,4.563,7.8,146,Disney+,337,TV Show,1,1,1,0,0,0,0,0,0,0,0,1,0,0,0,0,0,0,0,0,0,0,0,0,0,0,0,2025-01-29,DIS
138501,Agatha All Along,2024-09-18,4.03,7.7,709,Disney+,337,TV Show,0,0,0,0,0,0,0,0,1,0,0,1,0,0,0,0,0,0,0,0,0,0,0,0,0,0,0,2024-09-18,DIS
245026,Wizards Beyond Waverly Place,2024-10-29,3.975,9.0,70,Disney+,337,TV Show,0,0,1,0,0,0,1,0,0,0,0,1,0,0,0,0,0,0,0,0,0,0,0,0,0,0,0,2024-10-29,DIS
202879,Star Wars: Skeleton Crew,2024-12-02,3.92,7.1,265,Disney+,337,TV Show,1,0,0,0,0,0,0,0,0,0,0,1,0,0,0,0,0,0,0,0,0,0,0,0,0,0,0,2024-12-02,DIS
226529,Light Shop,2024-12-04,3.836,8.4,151,Disney+,337,TV Show,0,0,0,0,0,1,0,0,1,0,0,0,0,0,0,0,0,0,0,0,0,0,0,0,0,0,0,2024-12-04,DIS
255868,Dream Productions,2024-12-11,3.778,7.9,116,Disney+,337,TV Show,0,1,1,0,0,0,1,0,0,0,0,0,0,0,0,0,0,0,0,0,0,0,0,0,0,0,0,2024-12-11,DIS
114479,The Acolyte,2024-06-04,3.632,5.579,622,Disney+,337,TV Show,0,0,0,0,0,0,0,0,1,0,0,1,0,0,0,0,0,0,0,0,0,0,0,0,0,0,0,2024-06-04,DIS
138502,X-Men '97,2024-03-20,3.607,8.553,507,Disney+,337,TV Show,1,1,0,0,0,0,0,0,0,0,0,1,0,0,0,0,0,0,0,0,0,0,0,0,0,0,0,2024-03-20,DIS
251091,Star Wars: Tales of the Empire,2024-05-04,3.603,7.6,142,Disney+,337,TV Show,1,1,0,0,0,0,0,0,0,0,0,1,0,0,0,0,0,0,0,0,0,0,0,0,0,0,0,2024-05-04,DIS
220513,Invisible,2024-12-13,3.357,8.29,81,Disney+,337,TV Show,0,0,0,0,0,1,0,0,0,0,0,0,0,0,0,0,0,0,0,0,0,0,0,0,0,0,0,2024-12-13,DIS
157569,Renegade Nell,2024-03-29,3.24,7.2,83,Disney+,337,TV Show,1,0,0,0,0,0,0,0,0,0,0,1,0,0,0,0,0,0,0,0,0,0,0,0,0,0,0,2024-03-29,DIS
114481,Iwájú,2024-02-28,1.613,7.1,44,Disney+,337,TV Show,0,1,1,0,0,0,1,0,0,0,0,1,0,0,0,0,0,0,0,0,0,0,0,0,0,0,0,2024-02-28,DIS
281666,Goosebumps: The Vanishing,2025-01-10,1.6,6.9,35,Disney+,337,TV Show,1,0,1,0,0,0,0,0,0,0,0,1,0,0,0,0,0,0,0,0,0,0,0,0,0,0,0,2025-01-10,DIS
256953,Bluey Minisodes,2024-06-16,1.053,8.8,23,Disney+,337,TV Show,0,1,0,0,0,0,1,0,0,0,0,0,0,0,0,0,0,0,0,0,0,0,0,0,0,0,0,2024-06-16,DIS
253760,LEGO Star Wars: Rebuild the Galaxy,2024-09-13,0.905,6.8,22,Disney+,337,TV Show,1,1,1,0,0,0,1,0,0,0,0,1,0,0,0,0,0,0,0,0,0,0,0,0,0,0,0,2024-09-13,DIS
153577,Selenkay,2024-08-21,0.784,7.7,19,Disney+,337,TV Show,0,0,0,0,0,1,0,0,1,0,0,1,0,0,0,0,0,0,0,0,0,0,0,0,0,0,0,2024-08-21,DIS
118477,OceanXplorers,2024-08-18,0.782,7.9,19,Disney+,337,TV Show,0,0,0,0,1,0,0,0,0,0,0,0,0,0,0,0,0,0,0,0,0,0,0,0,0,0,0,2024-08-18,DIS
277463,Lost Treasures Of The Bible,2024-12-19,0.78,7.25,8,Disney+,337,TV Show,0,0,0,0,1,0,0,0,0,0,0,0,0,0,0,0,0,0,0,0,0,0,0,0,0,0,0,2024-12-19,DIS
157200,Secrets of the Octopus,2024-04-21,0.671,8.4,17,Disney+,337,TV Show,0,0,0,0,1,0,0,0,0,0,0,0,0,0,0,0,0,0,0,0,0,0,0,0,0,0,0,2024-04-21,DIS
201480,Kindergarten: The Musical!,2024-09-03,0.609,0.0,0,Disney+,337,TV Show,0,1,0,0,0,0,0,1,0,0,0,0,0,0,0,0,0,0,0,0,0,0,0,0,0,0,0,2024-09-03,DIS
262153,LEGO Pixar: BrickToons,2024-09-04,0.586,5.8,13,Disney+,337,TV Show,0,1,1,0,0,0,1,0,0,0,0,0,0,0,0,0,0,0,0,0,0,0,0,0,0,0,0,2024-09-04,DIS
273974,Náhradníci,2024-12-13,0.575,6.0,1,Disney+,337,TV Show,0,0,1,0,0,1,0,0,0,0,0,0,0,0,0,0,0,0,0,0,0,0,0,0,0,0,0,2024-12-13,DIS
254799,Are You Sure?!,2024-08-08,0.539,8.9,7,Disney+,337,TV Show,0,0,0,0,1,0,0,0,0,0,1,0,0,0,0,0,0,0,0,0,0,0,0,0,0,0,0,2024-08-08,DIS
204136,Zombies: The Re-Animated Series,2024-06-28,0.456,6.0,5,Disney+,337,TV Show,0,1,1,0,0,0,0,1,0,0,0,1,0,0,0,0,0,0,0,0,0,0,0,0,0,0,0,2024-06-28,DIS
274921,Tsunami: Race Against Time,2024-11-24,0.424,8.3,6,Disney+,337,TV Show,0,0,0,0,1,0,0,0,0,0,0,0,0,0,0,0,0,0,0,0,0,0,0,0,0,0,0,2024-11-24,DIS
281652,A Fan Celebration of Moana,2024-12-08,0.417,8.2,5,Disney+,337,TV Show,0,0,0,0,0,0,0,0,0,0,1,0,0,0,0,0,0,0,0,0,0,0,0,0,0,0,0,2024-12-08,DIS
215798,Wonderboys: The Secret Treasure of Naples,2024-12-06,0.413,4.4,5,Disney+,337,TV Show,0,0,0,0,0,1,1,0,0,0,0,0,0,0,0,0,0,0,0,0,0,0,0,0,0,0,0,2024-12-06,DIS
258385,Ayla and The Mirrors,2024-09-27,0.393,7.5,6,Disney+,337,TV Show,0,0,1,0,0,1,0,0,0,0,0,0,0,0,0,0,0,0,0,0,0,0,0,0,0,0,0,2024-09-27,DIS
277825,Inside the Enchanted Forests,2024-12-07,0.313,10.0,1,Disney+,337,TV Show,0,0,0,0,1,0,0,0,0,0,0,0,0,0,0,0,0,0,0,0,0,0,0,0,0,0,0,2024-12-07,DIS
237313,Queens,2024-03-04,0.311,7.9,7,Disney+,337,TV Show,0,0,0,0,1,0,0,0,0,0,0,0,0,0,0,0,0,0,0,0,0,0,0,0,0,0,0,2024-03-04,DIS
279158,Mickey and Minnie's Christmas Carols,2024-11-25,0.283,8.5,2,Disney+,337,TV Show,0,1,0,0,0,0,0,0,0,0,0,0,0,0,0,0,0,0,0,0,0,0,0,0,0,0,0,2024-11-25,DIS
197454,The Secret Score,2024-04-17,0.282,7.2,6,Disney+,337,TV Show,1,0,0,0,0,0,0,0,1,0,0,0,0,0,0,0,0,0,0,0,0,0,0,0,0,0,0,2024-04-17,DIS
256657,Pirates: Behind the Legends,2024-06-09,0.267,6.8,5,Disney+,337,TV Show,0,0,0,0,1,1,0,0,0,0,0,0,0,0,0,0,0,0,0,0,0,0,0,0,0,0,0,2024-06-09,DIS
276230,＜JUNG KOOK: I AM STILL＞ THE ORIGINAL,2024-12-03,0.266,7.0,1,Disney+,337,TV Show,0,0,0,0,1,0,0,0,0,0,0,0,0,0,0,0,0,0,0,0,0,0,0,0,0,0,0,2024-12-03,DIS
273481,To Catch a Smuggler: Tropical Takedown,2024-10-06,0.238,0.0,0,Disney+,337,TV Show,0,0,0,0,1,0,0,0,0,0,1,0,0,0,0,0,0,0,0,0,0,0,0,0,0,0,0,2024-10-06,DIS
246913,Morphle and the Magic Pets,2024-03-20,0.206,0.0,0,Disney+,337,TV Show,0,1,0,0,0,0,0,1,0,0,0,1,0,0,0,0,0,0,0,0,0,0,0,0,0,0,0,2024-03-20,DIS
131433,Arctic Ascent with Alex Honnold,2024-02-04,0.199,5.8,4,Disney+,337,TV Show,0,0,0,0,1,0,0,0,0,0,0,0,0,0,0,0,0,0,0,0,0,0,0,0,0,0,0,2024-02-04,DIS
275689,Prince William: We Can End Homelessness,2024-11-15,0.195,0.0,0,Disney+,337,TV Show,0,0,0,0,1,0,0,0,0,0,0,0,0,0,0,0,0,0,0,0,0,0,0,0,0,0,0,2024-11-15,DIS
226705,In the Arena: Serena Williams,2024-07-16,0.193,4.5,2,Disney+,337,TV Show,0,0,0,0,1,0,0,0,0,0,0,0,0,0,0,0,0,0,0,0,0,0,0,0,0,0,0,2024-07-16,DIS
252551,The Stanford Prison Experiment: Unlocking the Truth,2024-11-13,0.192,0.0,0,Disney+,337,TV Show,0,0,0,0,1,0,0,0,0,0,0,0,0,0,0,0,0,0,0,0,0,0,0,0,0,0,0,2024-11-13,DIS
272313,Witches: Truth Behind the Trials,2024-09-29,0.188,6.0,1,Disney+,337,TV Show,0,0,0,0,1,0,0,0,0,0,0,0,0,0,0,0,0,0,0,0,0,0,0,0,0,0,0,2024-09-29,DIS
254586,The Beauty Queen Killer: 9 Days of Terror,2024-05-16,0.182,7.5,3,Disney+,337,TV Show,0,0,0,1,1,0,0,0,0,0,0,0,0,0,0,0,0,0,0,0,0,0,0,0,0,0,0,2024-05-16,DIS
273266,Mickey's Spooky Stories,2024-10-01,0.18,6.0,1,Disney+,337,TV Show,0,1,0,0,0,0,0,0,0,0,0,0,0,0,0,0,0,0,0,0,0,0,0,0,0,0,0,2024-10-01,DIS
280768,Find My Country House,2024-06-15,0.177,0.0,0,Disney+,337,TV Show,0,0,0,0,0,0,0,0,0,0,0,0,0,0,0,0,0,0,0,0,0,0,0,0,0,0,0,2024-06-15,DIS
247763,Me Hereafter,2024-02-29,0.166,7.7,3,Disney+,337,TV Show,0,0,0,1,1,0,0,0,0,0,0,0,0,0,0,0,0,0,0,0,0,0,0,0,0,0,0,2024-02-29,DIS
273828,Clutch: The NBA Playoffs,2024-10-07,0.16,0.0,0,Disney+,337,TV Show,0,0,0,0,1,0,0,0,0,0,0,0,0,0,0,0,0,0,0,0,0,0,0,0,0,0,0,2024-10-07,DIS
252130,Erased: WW2's Heroes of Color,2024-05-27,0.157,5.5,2,Disney+,337,TV Show,0,0,0,0,1,0,0,0,0,0,0,0,0,0,1,0,0,0,0,0,0,0,0,0,0,0,0,2024-05-27,DIS
273146,Are You Sure?! Behind,2024-09-30,0.14,0.0,0,Disney+,337,TV Show,0,0,0,0,1,0,0,0,0,0,1,0,0,0,0,0,0,0,0,0,0,0,0,0,0,0,0,2024-09-30,DIS
214217,The Sound and the Syllable,2024-08-28,0.122,0.0,0,Disney+,337,TV Show,0,0,0,0,0,1,0,0,0,0,0,0,0,0,0,0,0,0,0,0,0,0,0,0,0,0,0,2024-08-28,DIS
261235,Music in Joy,2024-08-09,0.114,0.0,0,Disney+,337,TV Show,0,0,0,0,0,0,0,0,0,0,1,0,0,0,0,0,0,0,0,0,0,0,0,0,0,0,0,2024-08-09,DIS
280172,Rachael Ray's Meals in Minutes,2024-04-15,0.112,0.0,0,Disney+,337,TV Show,0,0,0,0,0,0,0,0,0,0,0,0,0,0,0,0,0,0,0,0,0,0,0,0,0,0,0,2024-04-15,DIS
261557,SuperKitties: Su-Purr Adventures (Shorts),2024-08-08,0.106,0.0,0,Disney+,337,TV Show,0,1,0,0,0,0,0,1,0,0,0,0,0,0,0,0,0,0,0,0,0,0,0,0,0,0,0,2024-08-08,DIS
157207,Photographer,2024-03-18,0.103,10.0,1,Disney+,337,TV Show,0,0,0,0,1,0,0,0,0,0,0,0,0,0,0,0,0,0,0,0,0,0,0,0,0,0,0,2024-03-18,DIS
257647,Outrageous Love With Nene Leakes,2024-07-01,0.102,0.0,0,Disney+,337,TV Show,0,0,0,0,0,0,0,0,0,0,1,0,0,0,0,0,0,0,0,0,0,0,0,0,0,0,0,2024-07-01,DIS
255813,My Best Friend's An Animal,2024-02-17,0.1,10.0,1,Disney+,337,TV Show,0,0,0,0,1,0,0,0,0,0,0,0,0,0,0,0,0,0,0,0,0,0,0,0,0,0,0,2024-02-17,DIS
259853,A Piece of My Mind,2024-07-19,0.098,0.0,0,Disney+,337,TV Show,0,0,0,0,0,0,0,0,0,0,0,0,0,0,0,0,0,0,0,0,0,0,0,0,0,0,0,2024-07-19,DIS
258328,Shark Attack 360,2024-07-02,0.093,0.0,0,Disney+,337,TV Show,0,0,0,0,1,0,0,0,0,0,0,0,0,0,0,0,0,0,0,0,0,0,0,0,0,0,0,2024-07-02,DIS
239320,So You're Raising a Warrior,2024-07-01,0.091,0.0,0,Disney+,337,TV Show,1,1,1,0,0,0,1,0,0,0,0,0,0,0,0,0,0,0,0,0,0,0,0,0,0,0,0,2024-07-01,DIS
276183,Ariel: Mermaid Tales,2024-06-08,0.09,0.0,0,Disney+,337,TV Show,0,1,0,0,0,0,0,1,0,0,0,0,0,0,0,0,0,0,0,0,0,0,0,0,0,0,0,2024-06-08,DIS
256208,World Eats Bread,2024-06-02,0.083,0.0,0,Disney+,337,TV Show,0,0,0,0,1,0,0,0,0,0,0,0,0,0,0,0,0,0,0,0,0,0,0,0,0,0,0,2024-06-02,DIS
255919,Fiennes: Return to the Wild,2024-05-26,0.082,0.0,0,Disney+,337,TV Show,0,0,0,0,1,0,0,0,0,0,0,0,0,0,0,0,0,0,0,0,0,0,0,0,0,0,0,2024-05-26,DIS
250751,48 Hours To Buy,2024-03-30,0.081,0.0,0,Disney+,337,TV Show,0,0,0,0,0,0,0,0,0,0,1,0,0,0,0,0,0,0,0,0,0,0,0,0,0,0,0,2024-03-30,DIS
255237,Tryouts,2024-04-10,0.078,0.0,0,Disney+,337,TV Show,0,0,0,0,0,0,0,0,0,0,0,0,0,0,0,0,0,0,0,0,0,0,0,0,0,0,0,2024-04-10,DIS
927342,Amaran,2024-10-31,7.638,7.432,190,Netflix,8,Movie,0,0,0,0,0,1,0,0,0,0,0,0,0,0,0,0,1,1,0,0,0,0,0,0,0,0,1,2024-10-31,NFLX
693134,Dune: Part Two,2024-02-27,5.664,8.1,6418,Netflix,8,Movie,0,0,0,0,0,0,0,0,0,0,0,0,0,0,0,0,0,1,0,0,0,0,0,1,0,0,0,2024-02-27,NFLX
912649,Venom: The Last Dance,2024-10-22,5.662,6.798,3028,Netflix,8,Movie,0,0,0,0,0,0,0,0,0,0,0,0,0,0,0,0,1,1,0,0,0,0,0,1,0,0,0,2024-10-22,NFLX
539972,Kraven the Hunter,2024-12-11,5.465,6.7,1404,Netflix,8,Movie,0,0,0,0,0,0,0,0,0,0,0,0,0,0,0,0,1,1,0,0,0,0,0,0,0,1,0,2024-12-11,NFLX
940139,Here,2024-10-30,5.461,6.659,378,Netflix,8,Movie,0,0,0,0,0,1,0,0,0,0,0,0,0,0,0,0,0,0,0,0,0,0,0,0,0,0,0,2024-10-30,NFLX
974950,Emilia Pérez,2024-08-21,5.21,6.8,1477,Netflix,8,Movie,0,0,0,0,0,1,0,0,0,0,0,0,0,0,0,0,0,0,0,0,0,0,0,0,0,1,0,2024-08-21,NFLX
1005331,Carry-On,2024-12-05,5.156,6.909,2023,Netflix,8,Movie,0,0,0,0,0,0,0,0,0,0,0,0,0,0,0,0,1,0,0,0,0,0,0,0,0,1,0,2024-12-05,NFLX
1061699,The Six Triple Eight,2024-12-06,4.771,7.5,469,Netflix,8,Movie,0,0,0,0,0,1,0,0,0,0,0,0,0,0,0,0,0,0,0,1,0,0,0,0,0,0,1,2024-12-06,NFLX
1032823,Trap,2024-07-31,4.752,6.391,1970,Netflix,8,Movie,0,0,0,1,0,0,0,0,1,0,0,0,0,0,0,0,0,0,0,0,1,0,0,0,0,1,0,2024-07-31,NFLX
967847,Ghostbusters: Frozen Empire,2024-03-20,4.638,6.5,1735,Netflix,8,Movie,0,0,1,0,0,0,0,0,0,0,0,0,0,0,0,0,0,1,1,0,0,0,0,0,0,0,0,2024-03-20,NFLX
519182,Despicable Me 4,2024-06-20,4.572,7.057,2626,Netflix,8,Movie,0,1,1,0,0,0,1,0,0,0,0,0,0,0,0,0,0,0,0,0,0,0,0,1,0,0,0,2024-06-20,NFLX
1079091,It Ends with Us,2024-08-07,4.479,7.055,1500,Netflix,8,Movie,0,0,0,0,0,1,0,0,0,0,0,0,0,0,0,0,0,0,0,0,0,0,1,0,0,0,0,2024-08-07,NFLX
280180,Beverly Hills Cop: Axel F,2024-06-20,4.441,6.694,1197,Netflix,8,Movie,0,0,1,1,0,0,0,0,0,0,0,0,0,0,0,0,1,0,0,0,0,0,0,0,0,0,0,2024-06-20,NFLX
993710,Back in Action,2025-01-15,4.376,6.465,1088,Netflix,8,Movie,0,0,1,0,0,0,0,0,0,0,0,0,0,0,0,0,1,0,0,0,0,0,0,0,0,0,0,2025-01-15,NFLX
929204,Wallace & Gromit: Vengeance Most Fowl,2024-12-18,4.353,7.6,429,Netflix,8,Movie,0,1,1,0,0,0,1,0,0,0,0,0,0,0,0,0,0,1,0,0,0,0,0,0,0,0,0,2024-12-18,NFLX
786892,Furiosa: A Mad Max Saga,2024-05-22,4.247,7.488,3973,Netflix,8,Movie,0,0,0,0,0,0,0,0,0,0,0,0,0,0,0,0,1,1,0,0,0,0,0,1,0,0,0,2024-05-22,NFLX
573435,Bad Boys: Ride or Die,2024-06-05,4.226,7.383,2795,Netflix,8,Movie,0,0,1,1,0,0,0,0,0,0,0,0,0,0,0,0,1,1,0,0,0,0,0,0,0,1,0,2024-06-05,NFLX
1062215,Afraid,2024-08-28,4.223,6.0,363,Netflix,8,Movie,0,0,0,0,0,0,0,0,0,0,0,0,0,0,0,0,0,0,0,0,1,0,0,1,0,1,0,2024-08-28,NFLX
646097,Rebel Ridge,2024-08-27,4.221,6.986,1243,Netflix,8,Movie,0,0,0,1,0,1,0,0,0,0,0,0,0,0,0,0,1,0,0,0,0,0,0,0,0,1,0,2024-08-27,NFLX
1091181,Family Pack,2024-10-22,4.192,5.594,410,Netflix,8,Movie,0,0,1,0,0,0,0,0,0,0,0,0,0,0,0,0,1,1,1,0,0,0,0,0,0,0,0,2024-10-22,NFLX
1371727,Sing: Thriller,2024-10-15,4.185,7.2,156,Netflix,8,Movie,0,1,1,0,0,0,1,0,0,0,0,0,0,0,0,0,0,0,0,0,0,1,0,0,0,0,0,2024-10-15,NFLX
748167,Uglies,2024-09-12,4.156,5.822,746,Netflix,8,Movie,0,0,0,0,0,0,0,0,0,0,0,0,0,0,0,0,1,1,0,0,0,0,0,1,0,0,0,2024-09-12,NFLX
1261501,Ad Vitam,2025-01-09,4.144,6.3,321,Netflix,8,Movie,0,0,0,1,0,1,0,0,0,0,0,0,0,0,0,0,1,0,0,0,0,0,0,0,0,1,0,2025-01-09,NFLX
826510,Harold and the Purple Crayon,2024-07-31,4.138,6.807,261,Netflix,8,Movie,0,0,1,0,0,0,1,0,0,0,0,0,0,0,0,0,0,1,1,0,0,0,0,0,0,0,0,2024-07-31,NFLX
1300607,Los dos hemisferios de Lucca,2025-01-30,4.131,7.22,148,Netflix,8,Movie,0,0,0,0,0,1,0,0,0,0,0,0,0,0,0,0,0,0,0,0,0,0,0,0,0,0,0,2025-01-30,NFLX
932086,Horizon: An American Saga - Chapter 1,2024-06-26,4.124,6.905,481,Netflix,8,Movie,0,0,0,0,0,1,0,0,0,0,0,0,0,0,0,1,0,0,0,0,0,0,0,0,0,0,0,2024-06-26,NFLX
975773,Wicked Little Letters,2024-02-23,4.096,6.959,456,Netflix,8,Movie,0,0,1,0,0,1,0,0,1,0,0,0,0,0,0,0,0,0,0,0,0,0,0,0,0,0,0,2024-02-23,NFLX
1064028,Subservience,2024-08-15,4.058,6.7,645,Netflix,8,Movie,0,0,0,0,0,0,0,0,0,0,0,0,0,0,0,0,0,0,0,0,0,0,0,1,0,1,0,2024-08-15,NFLX
1276945,Ferry 2,2024-12-19,4.052,5.743,107,Netflix,8,Movie,0,0,0,1,0,1,0,0,0,0,0,0,0,0,0,0,1,0,0,0,0,0,0,0,0,1,0,2024-12-19,NFLX
1171640,GTMAX,2024-11-19,4.019,6.11,127,Netflix,8,Movie,0,0,0,1,0,1,0,0,0,0,0,0,0,0,0,0,1,0,0,0,0,0,0,0,0,0,0,2024-11-19,NFLX
1063877,Don't Move,2024-10-24,4.019,6.356,760,Netflix,8,Movie,0,0,0,0,0,0,0,0,0,0,0,0,0,0,0,0,0,0,0,0,1,0,0,0,0,1,0,2024-10-24,NFLX
835113,Woman of the Hour,2024-10-03,4.005,6.436,713,Netflix,8,Movie,0,0,0,1,0,1,0,0,0,0,0,0,0,0,0,0,0,0,0,0,0,0,0,0,0,1,0,2024-10-03,NFLX
1125510,The Platform 2,2024-09-27,4.0,5.541,1131,Netflix,8,Movie,0,0,0,0,0,0,0,0,0,0,0,0,0,0,0,0,0,0,0,0,1,0,0,1,0,1,0,2024-09-27,NFLX
1180634,The Children's Train,2024-10-21,3.985,7.4,240,Netflix,8,Movie,0,0,0,0,0,1,0,0,0,0,0,0,0,0,0,0,0,0,0,0,0,0,0,0,0,0,0,2024-10-21,NFLX
1290486,The Merry Gentlemen,2024-11-20,3.982,5.8,207,Netflix,8,Movie,0,0,1,0,0,0,0,0,0,0,0,0,0,0,0,0,0,0,0,0,0,0,1,0,0,0,0,2024-11-20,NFLX
1184495,Joy,2024-11-15,3.974,6.947,122,Netflix,8,Movie,0,0,0,0,0,1,0,0,0,0,0,0,0,0,0,0,0,0,0,0,0,0,0,0,0,0,0,2024-11-15,NFLX
634492,Madame Web,2024-02-14,3.973,5.377,2138,Netflix,8,Movie,0,0,0,0,0,0,0,0,0,0,0,0,0,0,0,0,1,0,1,0,0,0,0,0,0,0,0,2024-02-14,NFLX
719221,Tarot,2024-05-01,3.966,6.494,1131,Netflix,8,Movie,0,0,0,0,0,0,0,0,0,0,0,0,0,0,0,0,0,0,0,0,1,0,0,0,0,0,0,2024-05-01,NFLX
823464,Godzilla x Kong: The New Empire,2024-03-27,3.962,7.1,4094,Netflix,8,Movie,0,0,0,0,0,0,0,0,0,0,0,0,0,0,0,0,1,1,0,0,0,0,0,1,0,0,0,2024-03-27,NFLX
1086747,The Watchers,2024-06-06,3.957,6.4,1205,Netflix,8,Movie,0,0,0,0,0,0,0,0,1,0,0,0,0,0,0,0,0,0,1,0,1,0,0,0,0,0,0,2024-06-06,NFLX
827931,Time Cut,2024-10-29,3.95,5.654,453,Netflix,8,Movie,0,0,0,0,0,0,0,0,0,0,0,0,0,0,0,0,0,0,0,0,1,0,0,1,0,1,0,2024-10-29,NFLX
636706,Spaceman,2024-02-23,3.926,6.737,866,Netflix,8,Movie,0,0,0,0,0,1,0,0,0,0,0,0,0,0,0,0,0,1,0,0,0,0,0,1,0,0,0,2024-02-23,NFLX
1241320,Kingdom IV: Return of the Great General,2024-07-12,3.923,6.909,469,Netflix,8,Movie,0,0,0,0,0,0,0,0,0,0,0,0,0,0,0,0,1,1,0,0,0,0,0,0,0,0,0,2024-07-12,NFLX
1151949,The Shadow Strays,2024-09-10,3.905,7.24,233,Netflix,8,Movie,0,0,0,1,0,0,0,0,0,0,0,0,0,0,0,0,1,0,0,0,0,0,0,0,0,1,0,2024-09-10,NFLX
1186532,The Forge,2024-08-22,3.893,8.3,255,Netflix,8,Movie,0,0,0,0,0,1,1,0,0,0,0,0,0,0,0,0,0,0,0,0,0,0,0,0,0,0,0,2024-08-22,NFLX
1011985,Kung Fu Panda 4,2024-03-02,3.891,7.075,2998,Netflix,8,Movie,0,1,1,0,0,0,1,0,0,0,0,0,0,0,0,0,1,1,1,0,0,0,0,0,0,0,0,2024-03-02,NFLX
1180629,Kneecap,2024-08-02,3.889,7.1,123,Netflix,8,Movie,0,0,1,0,0,1,0,0,0,0,0,0,0,0,0,0,0,0,0,0,0,1,0,0,0,0,0,2024-08-02,NFLX
934632,Rebel Moon - Part Two: The Scargiver,2024-04-19,3.887,6.095,1246,Netflix,8,Movie,0,0,0,0,0,0,0,0,0,0,0,0,0,0,0,0,1,0,0,0,0,0,0,1,0,0,0,2024-04-19,NFLX
1255350,Find Me Falling,2024-07-18,3.877,6.685,143,Netflix,8,Movie,0,0,1,0,0,0,0,0,0,0,0,0,0,0,0,0,0,0,0,0,0,1,1,0,0,0,0,2024-07-18,NFLX
987686,A Family Affair,2024-06-27,3.869,5.808,616,Netflix,8,Movie,0,0,1,0,0,0,0,0,0,0,0,0,0,0,0,0,0,0,0,0,0,0,1,0,0,0,0,2024-06-27,NFLX
1291559,Drawing Closer,2024-06-26,3.868,8.4,141,Netflix,8,Movie,0,0,0,0,0,1,0,0,0,0,0,0,0,0,0,0,0,0,0,0,0,0,1,0,0,0,0,2024-06-26,NFLX
829402,Ultraman: Rising,2024-06-14,3.864,8.2,312,Netflix,8,Movie,0,1,0,0,0,0,1,0,0,0,0,0,0,0,0,0,1,0,0,0,0,0,0,1,0,0,0,2024-06-14,NFLX
1093231,Mother of the Bride,2024-05-08,3.854,5.9,305,Netflix,8,Movie,0,0,1,0,0,0,0,0,0,0,0,0,0,0,0,0,0,0,0,0,0,0,1,0,0,0,0,2024-05-08,NFLX
844185,Unfrosted,2024-04-30,3.852,5.281,299,Netflix,8,Movie,0,0,1,0,0,0,0,0,0,0,0,0,0,0,0,0,0,0,0,1,0,0,0,0,0,0,0,2024-04-30,NFLX
1397854,The Love Scam,2025-01-01,3.85,6.5,107,Netflix,8,Movie,0,0,1,0,0,0,0,0,0,0,0,0,0,0,0,0,0,0,0,0,0,0,1,0,0,0,0,2025-01-01,NFLX
1038263,Maria,2024-11-27,3.797,6.539,266,Netflix,8,Movie,0,0,0,0,0,1,0,0,0,0,0,0,0,0,0,0,0,0,0,0,0,1,0,0,0,0,0,2024-11-27,NFLX
1243381,Mary,2024-12-12,3.786,6.2,150,Netflix,8,Movie,0,0,0,0,0,1,0,0,0,0,0,0,0,0,0,0,1,0,0,1,0,0,0,0,0,0,0,2024-12-12,NFLX
1234811,Our Little Secret,2024-11-27,3.752,6.3,485,Netflix,8,Movie,0,0,1,0,0,1,0,0,0,0,0,0,0,0,0,0,0,0,0,0,0,0,1,0,0,0,0,2024-11-27,NFLX
645757,That Christmas,2024-11-27,3.751,7.2,333,Netflix,8,Movie,0,1,1,0,0,0,1,0,0,0,0,0,0,0,0,0,0,1,1,0,0,0,0,0,0,0,0,2024-11-27,NFLX
1222248,Number 24,2024-10-30,3.745,7.152,260,Netflix,8,Movie,0,0,0,0,0,1,0,0,0,0,0,0,0,0,0,0,0,0,0,1,0,0,0,0,0,0,1,2024-10-30,NFLX
592983,Spellbound,2024-11-22,3.738,6.7,236,Netflix,8,Movie,0,1,1,0,0,0,1,0,0,0,0,0,0,0,0,0,0,1,1,0,0,0,0,0,0,0,0,2024-11-22,NFLX
811941,Devara : Part 1,2024-09-26,3.736,7.031,175,Netflix,8,Movie,0,0,0,0,0,1,0,0,0,0,0,0,0,0,0,0,1,0,0,0,0,0,0,0,0,0,0,2024-09-26,NFLX
704239,The Union,2024-08-15,3.72,6.2,951,Netflix,8,Movie,0,0,1,0,0,0,0,0,0,0,0,0,0,0,0,0,1,0,0,0,0,0,0,0,0,0,0,2024-08-15,NFLX
1290287,Hot Frosty,2024-11-12,3.719,6.0,247,Netflix,8,Movie,0,0,1,0,0,0,0,0,0,0,0,0,0,0,0,0,0,0,0,0,0,0,1,0,0,0,0,2024-11-12,NFLX
1104171,Meet Me Next Christmas,2024-11-05,3.71,6.3,231,Netflix,8,Movie,0,0,1,0,0,0,0,0,0,0,0,0,0,0,0,0,0,0,0,0,0,0,1,0,0,0,0,2024-11-05,NFLX
1214484,Let Go,2024-11-01,3.709,7.835,303,Netflix,8,Movie,0,0,0,0,0,1,0,0,0,0,0,0,0,0,0,0,0,0,0,0,0,0,0,0,0,0,0,2024-11-01,NFLX
1075676,Uprising,2024-10-02,3.709,7.1,157,Netflix,8,Movie,0,0,0,0,0,1,0,0,0,0,0,0,0,0,0,0,1,0,0,1,0,0,0,0,0,0,0,2024-10-02,NFLX
1306764,Outside,2024-10-16,3.685,6.1,129,Netflix,8,Movie,0,0,0,0,0,0,0,0,0,0,0,0,0,0,0,0,0,0,0,0,1,0,0,0,0,1,0,2024-10-16,NFLX
1282138,Justice,2024-10-15,3.684,6.6,100,Netflix,8,Movie,0,0,0,1,0,1,0,0,0,0,0,0,0,0,0,0,0,0,0,0,0,0,0,0,0,0,0,2024-10-15,NFLX
1008953,Incoming,2024-08-22,3.68,6.158,279,Netflix,8,Movie,0,0,1,0,0,0,0,0,0,0,0,0,0,0,0,0,0,0,0,0,0,0,0,0,0,0,0,2024-08-22,NFLX
959429,Lonely Planet,2024-10-10,3.679,6.1,166,Netflix,8,Movie,0,0,0,0,0,1,0,0,0,0,0,0,0,0,0,0,0,0,0,0,0,0,1,0,0,0,0,2024-10-10,NFLX
1360610,The Menendez Brothers,2024-10-07,3.676,7.5,113,Netflix,8,Movie,0,0,0,0,1,0,0,0,0,0,0,0,0,0,0,0,0,0,0,0,0,0,0,0,0,0,0,2024-10-07,NFLX
1081012,Aftermath,2024-09-27,3.676,6.3,113,Netflix,8,Movie,0,0,0,0,0,0,0,0,0,0,0,0,0,0,0,0,1,0,0,0,0,0,0,0,0,1,0,2024-09-27,NFLX
1329336,The Bad Guys: Haunted Heist,2024-10-02,3.672,7.0,112,Netflix,8,Movie,0,1,1,0,0,0,0,0,0,0,0,0,0,0,0,0,0,0,0,0,0,0,0,0,0,0,0,2024-10-02,NFLX
1210794,Trouble,2024-10-02,3.672,6.7,165,Netflix,8,Movie,0,0,1,1,0,0,0,0,0,0,0,0,0,0,0,0,1,0,0,0,0,0,0,0,0,0,0,2024-10-02,NFLX
1120911,Saturday Night,2024-09-27,3.667,6.797,202,Netflix,8,Movie,0,0,1,0,0,1,0,0,0,0,0,0,0,0,0,0,0,0,0,0,0,0,0,0,0,0,0,2024-09-27,NFLX
974635,Hit Man,2024-05-16,3.667,6.8,1219,Netflix,8,Movie,0,0,1,1,0,0,0,0,0,0,0,0,0,0,0,0,0,0,0,0,0,0,1,0,0,0,0,2024-05-16,NFLX
1215162,Kill 'em All 2,2024-09-24,3.665,6.7,141,Netflix,8,Movie,0,0,0,1,0,0,0,0,0,0,0,0,0,0,0,0,1,0,0,0,0,0,0,0,0,1,0,2024-09-24,NFLX
1139817,Officer Black Belt,2024-09-12,3.656,7.7,271,Netflix,8,Movie,0,0,1,1,0,0,0,0,0,0,0,0,0,0,0,0,1,0,0,0,0,0,0,0,0,0,0,2024-09-12,NFLX
843416,Daddio,2024-06-27,3.656,6.171,152,Netflix,8,Movie,0,0,0,0,0,1,0,0,0,0,0,0,0,0,0,0,0,0,0,0,0,0,0,0,0,0,0,2024-06-27,NFLX
1154762,His Three Daughters,2024-09-05,3.651,7.0,205,Netflix,8,Movie,0,0,1,0,0,1,0,0,0,0,0,0,0,0,0,0,0,0,0,0,0,0,0,0,0,0,0,2024-09-05,NFLX
930600,The Deliverance,2024-08-16,3.64,6.062,466,Netflix,8,Movie,0,0,0,0,0,0,0,0,0,0,0,0,0,0,0,0,0,0,0,0,1,0,0,0,0,1,0,2024-08-16,NFLX
1002088,Mission: Cross,2024-08-08,3.636,7.0,130,Netflix,8,Movie,0,0,1,0,0,0,0,0,0,0,0,0,0,0,0,0,1,0,0,0,0,0,0,0,0,0,0,2024-08-08,NFLX
763215,Damsel,2024-03-07,3.636,7.0,2356,Netflix,8,Movie,0,0,0,0,0,0,0,0,0,0,0,0,0,0,0,0,1,1,1,0,0,0,0,0,0,0,0,2024-03-07,NFLX
1005681,"Love, Divided",2024-04-11,3.635,6.622,230,Netflix,8,Movie,0,0,1,0,0,0,0,0,0,0,0,0,0,0,0,0,0,0,0,0,0,0,1,0,0,0,0,2024-04-11,NFLX
969492,Land of Bad,2024-02-09,3.632,7.252,1230,Netflix,8,Movie,0,0,0,0,0,0,0,0,0,0,0,0,0,0,0,0,1,0,0,0,0,0,0,0,0,1,1,2024-02-09,NFLX
857655,The Beautiful Game,2024-03-22,3.632,6.4,159,Netflix,8,Movie,0,0,0,0,0,1,0,0,0,0,0,0,0,0,0,0,0,0,0,0,0,0,0,0,0,0,0,2024-03-22,NFLX
1311550,House of Ga'a,2024-07-26,3.63,5.514,110,Netflix,8,Movie,0,0,0,0,0,0,0,0,0,0,0,0,0,0,0,0,1,0,0,1,0,0,0,0,0,0,0,2024-07-26,NFLX
1309923,Non Negotiable,2024-07-25,3.63,6.139,101,Netflix,8,Movie,0,0,1,0,0,1,0,0,0,0,0,0,0,0,0,0,1,0,0,0,0,0,0,0,0,1,0,2024-07-25,NFLX
1039868,Vanished into the Night,2024-07-10,3.628,5.5,155,Netflix,8,Movie,0,0,0,0,0,1,0,0,1,0,0,0,0,0,0,0,0,0,0,0,0,0,0,0,0,1,0,2024-07-10,NFLX
801688,Kalki 2898-AD,2024-06-26,3.624,6.4,116,Netflix,8,Movie,0,0,0,0,0,1,0,0,0,0,0,0,0,0,0,0,1,0,1,0,0,0,0,1,0,0,0,2024-06-26,NFLX
1118224,Maharaja,2024-06-14,3.621,7.908,131,Netflix,8,Movie,0,0,0,0,0,0,0,0,0,0,0,0,0,0,0,0,1,0,0,0,0,0,0,0,0,1,0,2024-06-14,NFLX
1172648,Blame the Game,2024-07-03,3.62,5.8,205,Netflix,8,Movie,0,0,1,0,0,0,0,0,0,0,0,0,0,0,0,0,0,0,0,0,0,0,1,0,0,1,0,2024-07-03,NFLX
1186947,Outlaw,2024-06-20,3.616,6.2,111,Netflix,8,Movie,0,0,0,1,0,1,0,0,0,0,0,0,0,0,0,0,1,0,0,0,0,0,0,0,0,0,0,2024-06-20,NFLX
704673,Trigger Warning,2024-06-20,3.616,5.739,512,Netflix,8,Movie,0,0,0,0,0,0,0,0,0,0,0,0,0,0,0,0,1,0,0,0,0,0,0,0,0,0,0,2024-06-20,NFLX
1279433,Inheritance,2024-06-19,3.615,5.2,168,Netflix,8,Movie,0,0,1,0,0,0,0,0,1,0,0,0,0,0,0,0,0,0,0,0,0,0,0,0,0,0,0,2024-06-19,NFLX
1263421,Baki Hanma VS Kengan Ashura,2024-06-05,3.611,7.5,291,Netflix,8,Movie,0,1,0,0,0,0,0,0,0,0,0,0,0,0,0,0,1,0,1,0,0,0,0,0,0,0,0,2024-06-05,NFLX
1001311,Under Paris,2024-06-04,3.611,5.953,1256,Netflix,8,Movie,0,0,0,0,0,0,0,0,0,0,0,0,0,0,0,0,1,0,0,0,1,0,0,0,0,0,0,2024-06-04,NFLX
635996,Wonderland,2024-06-05,3.611,7.1,101,Netflix,8,Movie,0,0,0,0,0,1,0,0,0,0,0,0,0,0,0,0,0,0,0,0,0,0,0,1,0,0,0,2024-06-05,NFLX
1115395,Colors of Evil: Red,2024-05-29,3.61,6.7,219,Netflix,8,Movie,0,0,0,1,0,0,0,0,1,0,0,0,0,0,0,0,0,0,0,0,0,0,0,0,0,1,0,2024-05-29,NFLX
1241982,Moana 2,2024-11-21,11.844,7.152,1916,Disney+,337,Movie,0,1,1,0,0,0,1,0,0,0,0,0,0,0,0,0,0,1,0,0,0,0,0,0,0,0,0,2024-11-21,DIS
533535,Deadpool & Wolverine,2024-07-24,5.328,7.615,6880,Disney+,337,Movie,0,0,1,0,0,0,0,0,0,0,0,0,0,0,0,0,1,0,0,0,0,0,0,1,0,0,0,2024-07-24,DIS
1022789,Inside Out 2,2024-06-11,5.305,7.6,5647,Disney+,337,Movie,0,1,1,0,0,0,1,0,0,0,0,0,0,0,0,0,0,1,0,0,0,0,0,0,0,0,0,2024-06-11,DIS
1147416,"Miraculous World, London: At the Edge of Time",2024-11-14,3.797,7.236,227,Disney+,337,Movie,0,1,0,0,0,0,0,0,0,0,0,0,0,0,0,0,1,1,1,0,0,0,0,0,0,0,0,2024-11-14,DIS
974262,Descendants: The Rise of Red,2024-07-11,3.624,6.9,395,Disney+,337,Movie,0,0,1,0,0,0,1,0,0,0,0,0,0,0,0,0,0,1,1,0,0,0,0,0,0,0,0,2024-07-11,DIS
774531,Young Woman and the Sea,2024-05-31,3.61,7.9,337,Disney+,337,Movie,0,0,0,0,0,1,0,0,0,0,0,0,0,0,0,0,0,0,0,1,0,0,0,0,0,0,0,2024-05-31,DIS
1359227,LEGO Marvel Avengers: Mission Demolition,2024-10-17,3.086,6.771,83,Disney+,337,Movie,0,1,1,0,0,0,0,0,0,0,0,0,0,0,0,0,0,0,0,0,0,0,0,1,0,0,0,2024-10-17,DIS
1355755,An Almost Christmas Story,2024-10-14,2.412,7.1,64,Disney+,337,Movie,0,1,0,0,0,0,1,0,0,0,0,0,0,0,0,0,0,1,1,0,0,0,0,0,0,0,0,2024-10-14,DIS
1076708,Music by John Williams,2024-11-01,2.046,8.0,53,Disney+,337,Movie,0,0,0,0,1,0,0,0,0,0,0,0,0,0,0,0,0,0,0,0,0,1,0,0,0,0,0,2024-11-01,DIS
1284004,May the 12th Be with You,2024-05-09,1.945,5.4,53,Disney+,337,Movie,0,1,1,0,0,0,0,0,0,0,0,0,0,0,0,0,0,0,0,0,0,0,0,0,0,0,0,2024-05-09,DIS
999621,BRATS,2024-06-07,1.635,6.0,44,Disney+,337,Movie,0,0,0,0,1,0,0,0,0,0,0,0,0,0,0,0,0,0,0,0,0,0,0,0,0,0,0,2024-06-07,DIS
1171861,The Last Repair Shop,2024-02-16,1.58,7.514,36,Disney+,337,Movie,0,0,0,0,1,0,0,0,0,0,0,0,0,0,0,0,0,0,0,0,0,1,0,0,0,0,0,2024-02-16,DIS
977326,Elton John: Never Too Late,2024-11-15,1.503,6.3,30,Disney+,337,Movie,0,0,0,0,1,0,0,0,0,0,0,0,0,0,0,0,0,0,0,0,0,1,0,0,0,0,0,2024-11-15,DIS
1358947,The Most Wonderful Time of the Year,2024-10-11,1.386,5.7,35,Disney+,337,Movie,0,1,1,0,0,0,0,0,0,0,0,0,0,0,0,0,0,0,0,0,0,0,0,0,0,0,0,2024-10-11,DIS
1221396,Self,2024-02-01,1.362,6.2,37,Disney+,337,Movie,0,1,0,0,0,0,1,0,0,0,0,0,0,0,0,0,0,0,1,0,0,0,0,0,0,0,0,2024-02-01,DIS
1158874,Sugarcane,2024-08-09,1.354,6.7,35,Disney+,337,Movie,0,0,0,0,1,0,0,0,0,0,0,0,0,0,0,0,0,0,0,0,0,0,0,0,0,0,0,2024-08-09,DIS
1273196,Jim Henson Idea Man,2024-05-18,1.312,7.8,35,Disney+,337,Movie,0,0,0,0,1,0,0,0,0,0,0,0,0,0,0,0,0,0,0,0,0,0,0,0,0,0,0,2024-05-18,DIS
1371146,Beatles '64,2024-11-28,1.277,6.45,30,Disney+,337,Movie,0,0,0,0,1,0,0,0,0,0,0,0,0,0,0,0,0,0,0,0,0,1,0,0,0,0,0,2024-11-28,DIS
929563,Big City Greens the Movie: Spacecation,2024-06-06,1.248,7.6,33,Disney+,337,Movie,0,1,1,0,0,0,1,0,0,0,0,0,0,0,0,0,0,0,0,0,0,1,0,0,1,0,0,2024-06-06,DIS
1265066,The Beach Boys,2024-05-21,1.137,6.6,30,Disney+,337,Movie,0,0,0,0,1,0,0,0,0,0,0,0,0,0,0,0,0,0,0,0,0,1,0,0,0,0,0,2024-05-21,DIS
1085779,Nǎi Nai & Wài Pó,2024-02-16,1.118,7.0,30,Disney+,337,Movie,0,0,0,0,1,0,0,0,0,0,0,0,0,0,0,0,0,0,0,0,0,0,0,0,0,0,0,2024-02-16,DIS
1293461,D.I.Y. Duck,2024-06-08,0.894,6.7,23,Disney+,337,Movie,0,1,1,0,0,0,1,0,0,0,0,0,0,0,0,0,0,0,0,0,0,0,0,0,0,0,0,2024-06-08,DIS
1340168,Blink,2024-10-04,0.82,7.9,19,Disney+,337,Movie,0,0,0,0,1,0,0,0,0,0,0,0,0,0,0,0,0,0,0,0,0,0,0,0,0,0,0,2024-10-04,DIS
1386628,Marvel Studios Assembled: The Making of Deadpool & Wolverine,2024-11-12,0.755,6.8,16,Disney+,337,Movie,0,0,0,0,1,0,0,0,0,0,0,0,0,0,0,0,0,0,0,0,0,0,0,0,0,0,0,2024-11-12,DIS
1389038,Mickey and the Very Many Christmases,2024-12-01,0.732,6.3,14,Disney+,337,Movie,0,1,1,0,0,0,1,0,0,0,0,0,0,0,0,0,0,1,0,0,0,0,0,0,0,0,0,2024-12-01,DIS
1360677,The Devil's Climb,2024-10-17,0.721,7.8,16,Disney+,337,Movie,0,0,0,0,1,0,0,0,0,0,0,0,0,0,0,0,0,0,0,0,0,0,0,0,0,0,0,2024-10-17,DIS
1422765,Carrie Underwood: Reflection,2025-01-24,0.504,6.0,1,Disney+,337,Movie,0,0,0,0,0,0,0,0,0,0,0,0,0,0,0,0,0,0,0,0,0,1,0,0,0,0,0,2025-01-24,DIS
1366853,Expedition Amazon,2024-10-10,0.503,6.4,10,Disney+,337,Movie,0,0,0,0,1,0,0,0,0,0,0,0,0,0,0,0,0,0,0,0,0,0,0,0,0,0,0,2024-10-10,DIS
1290584,Road Diary: Bruce Springsteen and The E Street Band,2024-09-08,0.477,8.2,10,Disney+,337,Movie,0,0,0,0,1,0,0,0,0,0,0,0,0,0,0,0,0,0,0,0,0,1,0,0,0,0,0,2024-09-08,DIS
1421982,Lore Of The Ring Light,2025-01-21,0.474,10.0,1,Disney+,337,Movie,0,1,1,0,0,0,1,0,0,0,0,0,0,0,0,0,0,1,1,0,0,1,0,0,0,0,0,2025-01-21,DIS
1259918,Tiger,2024-04-21,0.459,8.2,11,Disney+,337,Movie,0,0,0,0,1,0,1,0,0,0,0,0,0,0,0,0,0,0,0,0,0,0,0,0,0,0,0,2024-04-21,DIS
1259919,Tigers on the Rise,2024-04-21,0.424,7.5,10,Disney+,337,Movie,0,0,0,0,1,0,0,0,0,0,0,0,0,0,0,0,0,0,0,0,0,0,0,0,0,0,0,2024-04-21,DIS
1242387,Billy & Molly: An Otter Love Story,2024-03-09,0.415,8.1,10,Disney+,337,Movie,0,0,0,0,1,0,0,0,0,0,0,0,0,0,0,0,0,0,0,0,0,0,0,0,0,0,0,2024-03-09,DIS
1448322,Барашек,2024-12-15,0.36,0.0,0,Disney+,337,Movie,0,0,0,0,0,1,0,0,0,0,0,0,0,0,0,0,0,0,0,0,0,0,0,0,0,0,0,2024-12-15,DIS
1275606,Marvel Studios Assembled: The Making of X-Men '97,2024-05-21,0.36,5.9,8,Disney+,337,Movie,0,0,0,0,1,0,0,0,0,0,0,0,0,0,0,0,0,0,0,0,0,0,0,0,0,0,0,2024-05-21,DIS
1235525,Marvel Studios Assembled: The Making of The Marvels,2024-02-06,0.339,5.6,8,Disney+,337,Movie,0,0,0,0,1,0,0,0,0,0,0,0,0,0,0,0,0,0,0,0,0,0,0,0,0,0,0,2024-02-06,DIS
1394473,The Untold Story of Mary Poppins: A Special Edition of 20/20,2024-11-27,0.322,5.7,3,Disney+,337,Movie,0,0,0,0,1,0,0,0,0,0,0,0,0,0,0,0,0,0,0,0,0,0,0,0,0,0,0,2024-11-27,DIS
1242392,Fly,2024-09-02,0.297,8.0,5,Disney+,337,Movie,0,0,0,0,1,0,0,0,0,0,0,0,0,0,0,0,0,0,0,0,0,0,0,0,0,0,0,2024-09-02,DIS
1442500,Doctor Who: Joy to the World,2024-12-25,0.291,0.0,0,Disney+,337,Movie,0,0,0,0,0,1,0,0,0,0,0,0,0,0,0,0,0,1,0,0,0,0,0,1,0,0,0,2024-12-25,DIS
1395548,The Last Verse,2024-11-27,0.286,4.0,2,Disney+,337,Movie,0,0,0,0,0,0,0,0,0,0,0,0,0,0,0,0,0,0,0,0,0,1,0,0,0,0,0,2024-11-27,DIS
1369167,2024 Rock & Roll Hall of Fame Induction Ceremony,2024-10-19,0.265,7.0,3,Disney+,337,Movie,0,0,0,0,0,0,0,0,0,0,0,0,0,0,0,0,0,0,0,0,0,1,0,0,0,0,0,2024-10-19,DIS
1232929,Madu,2024-02-07,0.234,7.8,5,Disney+,337,Movie,0,0,0,0,1,0,0,0,0,0,0,0,0,0,0,0,0,0,0,0,0,0,0,0,0,0,0,2024-02-07,DIS
1397449,La Cena Está Servida,2024-12-04,0.231,0.0,0,Disney+,337,Movie,0,0,0,0,0,0,0,0,0,0,0,0,0,0,0,0,0,0,0,0,1,0,0,0,0,1,0,2024-12-04,DIS
1300132,Protecting Paradise: The Story of Niue,2024-06-07,0.224,6.2,4,Disney+,337,Movie,0,0,0,0,1,0,0,0,0,0,0,0,0,0,0,0,0,0,0,0,0,0,0,0,0,0,0,2024-06-07,DIS
1317874,SEVENTEEN TOUR 'FOLLOW' AGAIN TO CINEMAS,2024-08-14,0.215,9.3,3,Disney+,337,Movie,0,0,0,0,1,0,0,0,0,0,0,0,0,0,0,0,0,0,0,0,0,1,0,0,0,0,0,2024-08-14,DIS
1309983,Inside Out 2: A Special Look,2024-07-15,0.166,8.0,2,Disney+,337,Movie,0,1,1,0,0,0,1,0,0,0,0,0,0,0,0,0,0,0,0,0,0,0,0,0,0,0,0,2024-07-15,DIS
1374725,Bruce Springsteen: Backstage and Backstreets,2024-10-20,0.16,0.0,0,Disney+,337,Movie,0,0,0,0,0,0,0,0,0,0,0,0,0,0,0,0,0,0,0,0,0,1,0,0,0,0,0,2024-10-20,DIS
1300156,Clotilda: The Return Home,2024-06-17,0.157,10.0,2,Disney+,337,Movie,0,0,0,0,1,0,0,0,0,0,0,0,0,0,0,0,0,0,0,0,0,0,0,0,0,0,0,2024-06-17,DIS
1294359,The Real Red Tails,2024-06-03,0.152,7.5,2,Disney+,337,Movie,0,0,0,0,1,0,0,0,0,0,0,0,0,0,0,0,0,0,0,0,0,0,0,0,0,0,0,2024-06-03,DIS
1284678,John Williams in Tokyo,2024-05-03,0.144,9.0,2,Disney+,337,Movie,0,0,0,0,0,0,0,0,0,0,0,0,0,0,0,0,0,0,0,0,0,1,0,0,0,0,0,2024-05-03,DIS
1274465,EPCOT Becoming: Inside the Transformation,2024-04-29,0.142,8.0,2,Disney+,337,Movie,0,0,0,0,1,0,0,0,0,0,0,0,0,0,0,0,0,0,0,0,0,0,0,0,0,0,0,2024-04-29,DIS
1235749,Iwájú: A Day Ahead,2024-02-27,0.131,3.5,2,Disney+,337,Movie,0,0,0,0,1,0,0,0,0,0,0,0,0,0,0,0,0,0,0,0,0,0,0,0,0,0,0,2024-02-27,DIS
1300342,For the First Time in Forever: The Making of World of Frozen,2024-06-06,0.118,4.0,1,Disney+,337,Movie,0,0,0,0,1,0,0,0,0,0,0,0,0,0,0,0,0,0,0,0,0,0,0,0,0,0,0,2024-06-06,DIS
1282068,Motorcycle Mary,2024-06-07,0.118,6.0,1,Disney+,337,Movie,0,0,0,0,1,0,0,0,0,0,0,0,0,0,0,0,0,0,0,0,0,0,0,0,0,0,0,2024-06-07,DIS
1330277,Rhythm Masters: A Mickey Hart Experience,2024-08-14,0.11,0.0,0,Disney+,337,Movie,0,0,0,0,1,0,0,0,0,0,0,0,0,0,0,0,0,0,0,0,0,1,0,0,0,0,0,2024-08-14,DIS
1321872,Dude Perfect: A Very Long Shot,2024-08-03,0.104,0.0,0,Disney+,337,Movie,0,0,0,0,1,0,0,0,0,0,0,0,0,0,0,0,0,0,0,0,0,0,0,0,0,0,0,2024-08-03,DIS
1307819,No Scope: The Story of FaZe Clan,2024-07-01,0.091,0.0,0,Disney+,337,Movie,0,0,0,0,1,0,0,0,0,0,0,0,0,0,0,0,0,0,0,0,0,0,0,0,0,0,0,2024-07-01,DIS
1310161,Attack of the Red Sea Sharks,2024-06-30,0.09,0.0,0,Disney+,337,Movie,0,0,0,0,1,0,0,0,0,0,0,0,0,0,0,0,0,0,0,0,0,0,0,0,0,0,0,2024-06-30,DIS
1310159,Baby Sharks in the City,2024-06-30,0.09,0.0,0,Disney+,337,Movie,0,0,0,0,1,0,0,0,0,0,0,0,0,0,0,0,0,0,0,0,0,0,0,0,0,0,0,2024-06-30,DIS
1310158,Supersized Sharks,2024-06-30,0.09,0.0,0,Disney+,337,Movie,0,0,0,0,1,0,0,0,0,0,0,0,0,0,0,0,0,0,0,0,0,0,0,0,0,0,0,2024-06-30,DIS
1310157,Sharks Gone Viral,2024-06-30,0.09,0.0,0,Disney+,337,Movie,0,0,0,0,1,0,0,0,0,0,0,0,0,0,0,0,0,0,0,0,0,0,0,0,0,0,0,2024-06-30,DIS
1310156,Shark vs. Ross Edgley,2024-06-30,0.09,0.0,0,Disney+,337,Movie,0,0,0,0,1,0,0,0,0,0,0,0,0,0,0,0,0,0,0,0,0,0,0,0,0,0,0,2024-06-30,DIS
1126538,Shark Beach with Anthony Mackie,2024-06-30,0.09,0.0,0,Disney+,337,Movie,0,0,0,0,1,0,0,0,0,0,0,0,0,0,0,0,0,0,0,0,0,0,0,0,0,0,0,2024-06-30,DIS
1275044,Lainey Wilson: Bell Bottom Country,2024-05-29,0.08,0.0,0,Disney+,337,Movie,0,0,0,0,1,0,0,0,0,0,0,0,0,0,0,0,0,0,0,0,0,1,0,0,0,0,0,2024-05-29,DIS
1283797,Michael Strahan x Jon Bon Jovi: Halfway There,2024-04-28,0.072,0.0,0,Disney+,337,Movie,0,0,0,0,1,0,0,0,0,0,0,0,0,0,0,0,0,0,0,0,0,1,0,0,0,0,0,2024-04-28,DIS
1302487,Sins of the Parents: The Crumbley Trials,2024-04-18,0.069,0.0,0,Disney+,337,Movie,0,0,0,1,1,0,0,0,0,0,0,0,0,0,0,0,0,0,0,0,0,0,0,0,0,0,0,2024-04-18,DIS
1261524,"An Oprah Special: Shame, Blame and the Weight Loss Revolution",2024-03-18,0.064,0.0,0,Disney+,337,Movie,0,0,0,0,1,0,0,0,0,0,0,0,0,0,0,0,0,0,0,0,0,0,0,0,0,0,0,2024-03-18,DIS
1301279,NHL Big City Greens Classic 2,2024-03-09,0.062,0.0,0,Disney+,337,Movie,0,1,0,0,0,0,0,0,0,0,0,0,0,0,0,0,0,0,0,0,0,0,0,0,1,0,0,2024-03-09,DIS
1244918,Operation Arctic Cure,2024-02-19,0.059,0.0,0,Disney+,337,Movie,0,0,0,0,1,0,0,0,0,0,0,0,0,0,0,0,0,0,0,0,0,0,0,0,0,0,0,2024-02-19,DIS
947763,Endurance,2024-10-14,0.001,7.5,15,Disney+,337,Movie,0,0,0,0,1,0,0,0,0,0,0,0,0,0,0,0,0,0,0,0,0,0,0,0,0,0,0,2024-10-14,DIS
