has_engagement,n_texts,avg_sentiment,std_sentiment,min_sentiment,max_sentiment,avg_weighted_sentiment,max_weighted_sentiment,engagement_score,name,release_date
True,38,0.2405947368421053,0.5250785620153319,-0.8442,0.9906,2.198142433078932,16.38817021511058,41.623,The Last of Us,2023-01-15
False,0,,,,,,,,Law & Order: Special Victims Unit,1999-09-20
False,0,,,,,,,,Grey's Anatomy,2005-03-27
True,11,0.2455727272727273,0.5318979876406738,-0.7906,0.8807,2.550322886444048,9.146249223338394,9.385,The Rookie,2018-10-16
True,11,0.3271181818181818,0.4679089962378696,-0.5271,0.9649,3.891713894115124,11.479382514172949,10.897,The Flash,2014-10-07
False,0,,,,,,,,The Simpsons,1989-12-17
False,0,,,,,,,,Supernatural,2005-09-13
True,11,0.5373181818181819,0.2763737812133213,0.0,0.8714,4.983498126659644,8.082027399252743,8.275,Game of Thrones,2011-04-17
False,0,,,,,,,,Two and a Half Men,2003-09-22
False,0,,,,,,,,Miraculous: Tales of Ladybug & Cat Noir,2015-10-19
False,0,,,,,,,,NCIS,2003-09-23
False,0,,,,,,,,Black Mirror,2011-12-04
False,0,,,,,,,,Doctor Who,2005-03-26
False,0,,,,,,,,El Señor de los Cielos,2013-04-15
False,0,,,,,,,,Family Guy,1999-01-31
False,0,,,,,,,,Solo Leveling,2024-01-07
True,5,0.10584,0.5799300254341035,-0.9549,0.7003,0.0462213431059568,2.680205371508555,7.046,The Blacklist,2013-09-23
True,22,0.3402136363636364,0.3946209542603159,-0.4005,0.9638,3.388253575423042,10.747747579217895,17.659,You,2018-09-09
False,0,,,,,,,,S.W.A.T.,2017-11-02
False,0,,,,,,,,Hawaii Five-0,2010-09-20
True,11,0.2644090909090908,0.5878480855931549,-0.9413,0.9834,3.648654171900392,13.570208574562592,12.799,Andor,2022-09-21
False,0,,,,,,,,The Amazing World of Gumball,2011-05-03
False,0,,,,,,,,Dexter,2006-10-01
False,0,,,,,,,,Bones,2005-09-13
False,0,,,,,,,,Seinfeld,1989-07-05
True,11,0.2805727272727272,0.4967496041832326,-0.8531,0.9139,3.245338089040836,10.570929357262298,10.567,This Is Us,2016-09-20
False,0,,,,,,,,CSI: Crime Scene Investigation,2000-10-06
False,0,,,,,,,,South Park,1997-08-13
False,0,,,,,,,,NCIS: Los Angeles,2009-09-22
False,0,,,,,,,,Criminal Minds,2005-09-22
False,0,,,,,,,,The Office,2005-03-24
False,0,,,,,,,,Shameless,2011-01-09
False,0,,,,,,,,Breaking Bad,2008-01-20
False,0,,,,,,,,Friends,1994-09-22
False,0,,,,,,,,Friends,1994-09-22
False,0,,,,,,,,Prison Break,2005-08-29
True,11,0.4037272727272727,0.4101362857545794,0.0,0.8948,4.4600557710531525,9.885034213763108,10.047,Yellowstone,2018-06-20
False,0,,,,,,,,The Vampire Diaries,2009-09-10
False,0,,,,,,,,The Mentalist,2008-09-23
True,11,0.4384818181818181,0.4531799879601959,-0.6808,0.9534,6.122599315096511,13.312493118226763,12.963,The Handmaid's Tale,2017-04-26
False,0,,,,,,,,American Dad!,2005-02-06
False,0,,,,,,,,Regular Show,2010-09-06
False,0,,,,,,,,The Walking Dead,2010-10-31
False,0,,,,,,,,Modern Family,2009-09-23
False,0,,,,,,,,Suits,2011-06-23
True,11,0.4549818181818182,0.5068897563809778,-0.807,0.9824,5.144333284476605,11.107681267057224,10.307,The Good Doctor,2017-09-25
False,0,,,,,,,,Stargate SG-1,1997-07-27
True,11,0.2374,0.6413671704045408,-0.9895,0.8957,2.769975374639428,10.45099807525078,10.668,Lucifer,2016-01-25
False,0,,,,,,,,Vikings,2013-03-03
False,0,,,,,,,,It's Always Sunny in Philadelphia,2005-08-04
False,0,,,,,,,,The X-Files,1993-09-10
True,22,0.1044454545454545,0.6690522732175123,-0.9752,0.8979,1.0717833064046496,13.043298818358233,22.596,INVINCIBLE,2021-03-25
True,10,-0.122,0.3657692141227853,-0.6664,0.6513,-0.8766403089794714,1.9795859123683293,6.814,Marvel's Agents of S.H.I.E.L.D.,2013-09-24
False,0,,,,,,,,Teen Wolf,2011-06-05
False,0,,,,,,,,Married... with Children,1987-04-05
False,0,,,,,,,,Smallville,2001-10-16
False,0,,,,,,,,Star Trek: The Next Generation,1987-09-28
False,0,,,,,,,,The Fairly OddParents,2001-03-30
True,51,0.1536450980392157,0.5324504326792161,-0.8176,0.9538,1.420960023611999,10.052226413380176,37.272,Young Sheldon,2017-09-25
False,0,,,,,,,,Pokémon,1997-04-01
False,0,,,,,,,,Star Wars: The Clone Wars,2008-10-03
False,0,,,,,,,,CSI: Miami,2002-09-23
True,10,0.10371,0.4922845994950482,-0.6968,0.845,0.7369576050982293,6.004523925445991,6.106,Chicago Fire,2012-10-10
False,0,,,,,,,,How I Met Your Mother,2005-09-19
False,0,,,,,,,,Pretty Little Liars,2010-06-08
False,0,,,,,,,,Star Wars: The Clone Wars,2008-10-03
True,51,0.1536450980392157,0.5324504326792161,-0.8176,0.9538,1.4388607853110595,10.039200663067062,38.761,Young Sheldon,2017-09-25
False,0,,,,,,,,That '70s Show,1998-08-23
False,0,,,,,,,,Malcolm in the Middle,2000-01-09
False,0,,,,,,,,Adventure Time,2010-04-05
True,8,0.3551125,0.3553554151743716,0.0,0.9499,2.5669029929148106,6.866278018852556,6.228,Brooklyn Nine-Nine,2013-09-17
False,0,,,,,,,,"Yo soy Betty, la fea",1999-10-25
True,11,0.0648272727272727,0.4979295826281045,-0.583,0.883,0.8258110535258555,11.248215906460004,11.739,The White Lotus,2021-07-11
True,11,0.0648272727272727,0.4979295826281045,-0.583,0.883,0.8264593316554806,11.257045980044438,11.749,The White Lotus,2021-07-11
False,0,,,,,,,,Star vs. the Forces of Evil,2015-01-18
False,0,,,,,,,,Grimm,2011-10-28
True,11,-0.2179454545454544,0.43443053919865,-0.872,0.5859,-2.1446444921656846,5.765420575439485,8.84,The Resident,2018-01-21
False,0,,,,,,,,Charmed,1998-10-07
True,19,0.323178947368421,0.6427989352322654,-0.984,0.9744,3.587430241360508,12.262300204908977,19.777,Reacher,2022-02-03
False,0,,,,,,,,El Chavo del Ocho,1973-02-26
True,11,0.1665090909090909,0.47030885684457,-0.6705,0.9,2.552735809167248,13.79781857979676,14.331,The Boys,2019-07-25
False,0,,,,,,,,The Big Bang Theory,2007-09-24
False,0,,,,,,,,24,2001-11-06
True,118,0.3651627118644067,0.5029633699296111,-0.9331,0.9976,3.1268510683239663,12.151450682597504,105.282,Cobra Kai,2018-05-02
False,0,,,,,,,,Castle,2009-03-09
False,0,,,,,,,,Once Upon a Time,2011-10-23
False,0,,,,,,,,Jujutsu Kaisen,2020-10-03
False,0,,,,,,,,Gilmore Girls,2000-10-05
True,38,0.2405947368421053,0.5250785620153319,-0.8442,0.9906,2.19678133438881,16.39006020496377,41.614,The Last of Us,2023-01-15
False,0,,,,,,,,Law & Order: Special Victims Unit,1999-09-20
False,0,,,,,,,,Grey's Anatomy,2005-03-27
True,11,0.2455727272727273,0.5318979876406738,-0.7906,0.8807,2.5630838765373407,9.192014093484913,9.437,The Rookie,2018-10-16
True,11,0.3271181818181818,0.4679089962378696,-0.5271,0.9649,3.8865623202170823,11.46418692453439,10.881,The Flash,2014-10-07
False,0,,,,,,,,The Simpsons,1989-12-17
False,0,,,,,,,,Supernatural,2005-09-13
True,11,0.5373181818181819,0.2763737812133213,0.0,0.8714,4.949838509680953,8.027439649893546,8.212,Game of Thrones,2011-04-17
False,0,,,,,,,,Two and a Half Men,2003-09-22
False,0,,,,,,,,Miraculous: Tales of Ladybug & Cat Noir,2015-10-19
False,0,,,,,,,,NCIS,2003-09-23
False,0,,,,,,,,Black Mirror,2011-12-04
False,0,,,,,,,,Doctor Who,2005-03-26
False,0,,,,,,,,El Señor de los Cielos,2013-04-15
False,0,,,,,,,,Family Guy,1999-01-31
False,0,,,,,,,,Solo Leveling,2024-01-07
True,5,0.10584,0.5799300254341035,-0.9549,0.7003,0.0436613431059568,2.645190371508555,6.946,The Blacklist,2013-09-23
True,22,0.3402136363636364,0.3946209542603159,-0.4005,0.9638,3.368481557922576,10.738268102440877,17.533,You,2018-09-09
False,0,,,,,,,,S.W.A.T.,2017-11-02
False,0,,,,,,,,Hawaii Five-0,2010-09-20
True,11,0.2644090909090908,0.5878480855931549,-0.9413,0.9834,3.6455855600012175,13.558795680507885,12.788,Andor,2022-09-21
False,0,,,,,,,,The Amazing World of Gumball,2011-05-03
False,0,,,,,,,,Dexter,2006-10-01
False,0,,,,,,,,Bones,2005-09-13
False,0,,,,,,,,Seinfeld,1989-07-05
True,11,0.2805727272727272,0.4967496041832326,-0.8531,0.9139,3.24236903776567,10.561258367545122,10.556,This Is Us,2016-09-20
False,0,,,,,,,,CSI: Crime Scene Investigation,2000-10-06
False,0,,,,,,,,South Park,1997-08-13
False,0,,,,,,,,NCIS: Los Angeles,2009-09-22
False,0,,,,,,,,Criminal Minds,2005-09-22
False,0,,,,,,,,The Office,2005-03-24
False,0,,,,,,,,Shameless,2011-01-09
False,0,,,,,,,,Breaking Bad,2008-01-20
False,0,,,,,,,,Friends,1994-09-22
False,0,,,,,,,,Friends,1994-09-22
False,0,,,,,,,,Prison Break,2005-08-29
True,11,0.4037272727272727,0.4101362857545794,0.0,0.8948,4.463709436466238,9.893132006586333,10.056,Yellowstone,2018-06-20
False,0,,,,,,,,The Vampire Diaries,2009-09-10
False,0,,,,,,,,The Mentalist,2008-09-23
True,11,0.4384818181818181,0.4531799879601959,-0.6808,0.9534,6.122599315096511,13.312493118226763,12.963,The Handmaid's Tale,2017-04-26
False,0,,,,,,,,American Dad!,2005-02-06
False,0,,,,,,,,Regular Show,2010-09-06
False,0,,,,,,,,The Walking Dead,2010-10-31
False,0,,,,,,,,Modern Family,2009-09-23
False,0,,,,,,,,Suits,2011-06-23
True,11,0.4549818181818182,0.5068897563809778,-0.807,0.9824,5.152246211197002,11.124766915097364,10.324,The Good Doctor,2017-09-25
False,0,,,,,,,,Stargate SG-1,1997-07-27
True,11,0.2374,0.6413671704045408,-0.9895,0.8957,2.7620170875494536,10.420971799991769,10.634,Lucifer,2016-01-25
False,0,,,,,,,,Vikings,2013-03-03
False,0,,,,,,,,It's Always Sunny in Philadelphia,2005-08-04
False,0,,,,,,,,The X-Files,1993-09-10
True,22,0.1044454545454545,0.6690522732175123,-0.9752,0.8979,1.071820824660378,13.050800115119417,22.605,INVINCIBLE,2021-03-25
True,10,-0.122,0.3657692141227853,-0.6664,0.6513,-0.9739569802084702,2.0251769123683294,7.434,Marvel's Agents of S.H.I.E.L.D.,2013-09-24
False,0,,,,,,,,Teen Wolf,2011-06-05
False,0,,,,,,,,Married... with Children,1987-04-05
False,0,,,,,,,,Smallville,2001-10-16
False,0,,,,,,,,Star Trek: The Next Generation,1987-09-28
False,0,,,,,,,,The Fairly OddParents,2001-03-30
True,51,0.1536450980392157,0.5324504326792161,-0.8176,0.9538,1.4143083357792274,10.090230457382525,37.47,Young Sheldon,2017-09-25
False,0,,,,,,,,Pokémon,1997-04-01
False,0,,,,,,,,Star Wars: The Clone Wars,2008-10-03
False,0,,,,,,,,CSI: Miami,2002-09-23
True,10,0.10371,0.4922845994950482,-0.6968,0.845,0.7369576050982293,6.004523925445991,6.106,Chicago Fire,2012-10-10
False,0,,,,,,,,How I Met Your Mother,2005-09-19
False,0,,,,,,,,Pretty Little Liars,2010-06-08
False,0,,,,,,,,Star Wars: The Clone Wars,2008-10-03
True,51,0.1536450980392157,0.5324504326792161,-0.8176,0.9538,1.4315004097032504,10.039200663067062,37.575,Young Sheldon,2017-09-25
False,0,,,,,,,,That '70s Show,1998-08-23
False,0,,,,,,,,Malcolm in the Middle,2000-01-09
False,0,,,,,,,,Adventure Time,2010-04-05
True,8,0.3551125,0.3553554151743716,0.0,0.9499,2.61142007903135,6.985357972675925,6.354,Brooklyn Nine-Nine,2013-09-17
False,0,,,,,,,,"Yo soy Betty, la fea",1999-10-25
True,11,0.0648272727272727,0.4979295826281045,-0.583,0.883,0.8244947184986523,11.230286356440065,11.718,The White Lotus,2021-07-11
True,11,0.0648272727272727,0.4979295826281045,-0.583,0.883,0.8258110535258555,11.248215906460004,11.739,The White Lotus,2021-07-11
False,0,,,,,,,,Star vs. the Forces of Evil,2015-01-18
False,0,,,,,,,,Grimm,2011-10-28
True,11,-0.2179454545454544,0.43443053919865,-0.872,0.5859,-2.15234184788037,5.7861132791374805,8.876,The Resident,2018-01-21
False,0,,,,,,,,Charmed,1998-10-07
True,19,0.323178947368421,0.6427989352322654,-0.984,0.9744,3.58564351951063,12.257693104127648,19.766,Reacher,2022-02-03
False,0,,,,,,,,El Chavo del Ocho,1973-02-26
True,11,0.1665090909090909,0.47030885684457,-0.6705,0.9,2.553709549316033,13.80308175269094,14.337,The Boys,2019-07-25
False,0,,,,,,,,The Big Bang Theory,2007-09-24
False,0,,,,,,,,24,2001-11-06
True,118,0.3651627118644067,0.5029633699296111,-0.9331,0.9976,3.0923782314213826,12.156416434490591,104.464,Cobra Kai,2018-05-02
False,0,,,,,,,,Castle,2009-03-09
False,0,,,,,,,,Once Upon a Time,2011-10-23
False,0,,,,,,,,Jujutsu Kaisen,2020-10-03
False,0,,,,,,,,Gilmore Girls,2000-10-05
True,112,0.2147625,0.6125590486296286,-0.9425,0.9984,2.653742009987329,18.486652986956997,130.825,Captain America: Brave New World,2025-02-12
True,12,0.36925,0.5604340066710204,-0.9343,0.9953,5.965573356986679,16.079986898331324,19.817,Conclave,2024-10-25
True,45,0.1327177777777777,0.5231876367418349,-0.9199,0.9993,1.388629022143397,15.675944966202392,46.732,Moana 2,2024-11-21
True,112,0.0891803571428571,0.5700852393720367,-0.9244,0.9985,1.7613593523173066,15.447997900708714,121.346,Mufasa: The Lion King,2024-12-18
True,34,0.2283176470588235,0.5948223029119895,-0.9244,0.9897,3.893600234960554,16.18438424002997,45.525,Sonic the Hedgehog 3,2024-12-19
False,0,,,,,,,,The Passion of the Christ,2004-02-25
True,97,0.2021092783505154,0.4918271976905496,-0.9568,0.9973,2.8026341899716267,15.1310227799058,112.453,Mickey 17,2025-02-28
False,0,,,,,,,,The Passion of the Christ,2004-02-25
True,22,0.1308818181818181,0.5968717843407817,-0.8892,0.9485,1.8251153244691347,13.27806186965366,26.773,The Gorge,2025-02-13
True,149,0.0571805369127516,0.5600254441340715,-0.9974,0.9987,1.0426667303135937,21.74790316780401,230.658,Avengers: Infinity War,2018-04-25
True,121,0.1414214876033057,0.5073116319728704,-0.8834,0.9934,1.3213402294948446,14.607298666878124,96.3,Gladiator II,2024-11-13
True,11,0.2489909090909091,0.5461416706888516,-0.7506,0.9891,2.8846504925729435,11.459084239746938,10.585,My Fault,2023-06-08
False,0,,,,,,,,Pulp Fiction,1994-09-10
True,44,0.0968772727272727,0.4819783425272232,-0.9952,0.9174,1.521955399797625,14.389085505609197,58.869,Venom: The Last Dance,2024-10-22
True,44,0.3411181818181819,0.5695073458193044,-0.8591,0.9965,5.790996174427709,16.759867162940274,64.377,Deadpool & Wolverine,2024-07-24
True,12,0.0471416666666666,0.7159231574900728,-0.9836,0.9972,0.7319330334897352,12.428727327162626,15.352,Despicable Me 4,2024-06-20
True,12,-0.1652333333333333,0.6118187072618453,-0.9215,0.9717,-1.83447491026966,15.041326995465518,19.537,Kraven the Hunter,2024-12-11
False,0,,,,,,,,"The Good, the Bad and the Ugly",1966-12-22
False,0,,,,,,,,Flow,2024-08-29
True,12,0.5310166666666667,0.2307302387108277,0.0,0.9044,8.098685088595797,14.46898815142596,19.452,Companion,2025-01-22
True,232,0.3080831896551724,0.5381890371983767,-0.9894,0.9977,3.9126698962909936,18.91034681321345,271.21,Spider-Man: Homecoming,2017-07-05
False,0,,,,,,,,The Wild Robot,2024-09-12
False,0,,,,,,,,Your Fault,2024-12-26
True,13,0.1300846153846153,0.5425813428505143,-0.8689,0.9118,2.379150554656454,16.67614167380097,24.376,The Substance,2024-09-07
True,162,0.1801518518518518,0.5216909653815831,-0.9333,0.9972,1.9239414138054136,17.71319751135088,172.269,Batman v Superman: Dawn of Justice,2016-03-23
True,11,0.1756727272727272,0.5730692820100123,-0.9471,0.8919,3.096690290628908,15.722065189573152,16.628,The Lion King,2019-07-12
False,0,,,,,,,,GoodFellas,1990-09-12
True,281,0.2899469750889679,0.4823198493547588,-0.9983,0.9979,4.076122278025031,20.183910638390746,346.058,Blade Runner 2049,2017-10-04
True,86,0.1288953488372093,0.565417738122017,-0.9715,0.9652,2.029675447807419,19.880135822970885,117.313,Black Panther,2018-02-13
True,12,0.3532,0.6435263682761311,-0.9882,0.9837,6.044703948699239,16.835150833339302,21.285,Inside Out 2,2024-06-11
True,32,0.387040625,0.48995448440351,-0.9489,0.9927,2.664500104881792,16.671650736367507,24.081,Beauty and the Beast,2017-03-16
False,0,,,,,,,,Star Wars,1977-05-25
True,180,0.10003,0.4675652005513954,-0.9771,0.9998,1.7554093277325635,16.28905746915946,318.97,Avengers: Endgame,2019-04-24
False,0,,,,,,,,xXx,2002-08-09
True,22,0.112140909090909,0.5499900508679398,-0.9215,0.9974,1.6253457749004565,14.392606893721444,26.552,Red One,2024-10-31
True,118,0.1962177966101694,0.5684504855427508,-0.9755,0.9912,1.7557559040244028,15.965421304907633,110.284,Interstellar,2014-11-05
True,66,-0.149519696969697,0.5350570488472424,-0.9972,0.9339,-3.2573961343389106,19.54006573680411,112.957,Star Wars: The Last Jedi,2017-12-13
False,0,,,,,,,,Titanic,1997-11-18
True,45,0.2606622222222222,0.5024360842884016,-0.7269,0.9673,3.325625751431092,15.159897808087976,53.297,Guardians of the Galaxy Vol. 2,2017-04-19
False,0,,,,,,,,Anora,2024-10-14
False,0,,,,,,,,The Terminator,1984-10-26
True,86,0.0479360465116279,0.6321561914945032,-0.9684,0.972,0.4357021907913108,16.858674755119964,110.201,Jurassic World: Fallen Kingdom,2018-06-06
True,11,0.5671454545454546,0.354293692663526,0.0,0.982,7.395969550743101,12.80596016528179,12.041,The Maze Runner,2014-09-10
True,3,0.2857666666666666,0.4041350956741514,0.0,0.8573,0.8248067185960274,2.4744201557880823,1.886,Thor: Ragnarok,2017-10-02
False,0,,,,,,,,"The Chronicles of Narnia: The Lion, the Witch and the Wardrobe",2005-12-07
True,202,0.2501277227722772,0.5392845570650745,-0.9826,0.9972,3.3219183809008928,17.22359422824059,224.025,Kong: Skull Island,2017-03-08
False,0,,,,,,,,Ben-Hur,1959-11-18
True,112,0.2314883928571428,0.5455173117826417,-0.9966,0.9967,3.513409310010574,19.408099975247424,152.86,Wonder Woman,2017-05-30
True,138,0.1003507246376811,0.5317334927217615,-0.9721,0.9991,0.5402444206566683,18.19138734944043,144.989,Dark Phoenix,2019-06-05
False,0,,,,,,,,Alien,1979-05-25
True,135,-0.0105533333333333,0.5116584927034394,-0.9999,0.9209,-0.3585513976731871,15.949568534522328,138.735,Transformers: The Last Knight,2017-06-16
False,0,,,,,,,,Harry Potter and the Philosopher's Stone,2001-11-16
True,17,0.4413176470588235,0.5809217049961554,-0.7579,0.9829,5.616714338572703,15.169126769744317,19.632,The Accountant,2016-10-13
False,0,,,,,,,,365 Days: This Day,2022-04-26
True,90,0.1649144444444444,0.5214558416504297,-0.8126,0.9996,2.159734072463353,20.144344944206992,127.592,Avatar: The Way of Water,2022-12-14
True,90,0.1649144444444444,0.5214558416504297,-0.8126,0.9996,2.159266013961303,20.145102643974447,127.604,Avatar: The Way of Water,2022-12-14
False,0,,,,,,,,True Romance,1993-09-09
True,19,0.0669947368421052,0.4732083623339992,-0.7351,0.7783,0.9046965757829576,11.209647464822009,20.518,The Avengers,2012-04-25
False,0,,,,,,,,Apocalypse Z: The Beginning of the End,2024-10-04
True,46,-0.241195652173913,0.5824597171951117,-0.9668,0.9862,-2.2082287913087457,10.539021996108236,46.028,Bad Boys: Ride or Die,2024-06-05
False,0,,,,,,,,Scream 2,1997-12-12
False,0,,,,,,,,Schindler's List,1993-12-15
False,0,,,,,,,,The Green Mile,1999-12-10
False,0,,,,,,,,Shrek,2001-05-18
False,0,,,,,,,,The Disaster Artist,2017-03-12
False,0,,,,,,,,The Godfather,1972-03-14
True,47,0.2546617021276596,0.505784792580415,-0.8858,0.9997,4.16340456512928,21.27946622124907,87.039,Spider-Man: No Way Home,2021-12-15
False,0,,,,,,,,The Ten Commandments,1956-10-05
True,27,0.2125851851851851,0.55867478826217,-0.8834,0.9977,2.302879104437637,17.7184059927944,39.176,Dunkirk,2017-07-19
True,11,-0.0396454545454545,0.5778605153552296,-0.7783,0.8108,-0.4290598010069901,8.774818970926722,9.822,Back in Action,2025-01-15
False,0,,,,,,,,The Matrix,1999-03-31
False,0,,,,,,,,The Shawshank Redemption,1994-09-23
True,94,0.2485159574468085,0.4672921516119502,-0.8402,0.9735,3.9987850376626666,17.84617475746218,142.976,Alien: Romulus,2024-08-13
True,22,-0.2595409090909091,0.5789306267586588,-0.9979,0.7783,-3.955927695856953,11.32210745865801,27.841,Baywatch,2017-05-25
True,67,0.1863119402985074,0.5880631582291009,-0.9332,0.9907,2.3301708969754333,16.477935792899164,95.204,John Wick: Chapter 4,2023-03-22
False,0,,,,,,,,Fight Club,1999-10-15
True,41,-0.0127243902439024,0.6439698920323375,-0.9684,0.9973,-0.1647905887858368,12.685143135758132,44.017,Spectre,2015-10-26
True,76,0.0005565789473684,0.5505238255123184,-0.9805,0.9081,0.1011128633979538,15.263145250837658,64.118,Fast X,2023-05-17
False,0,,,,,,,,The Social Network,2010-10-01
True,27,-0.0715222222222222,0.4277185907106519,-0.9584,0.765,-1.3793210261837705,13.150184664157186,35.647,The Revenant,2015-12-25
True,36,0.2644305555555555,0.526334641553918,-0.836,0.9991,2.764057820539429,17.182187318333813,49.013,Glass,2019-01-16
True,37,0.0792243243243243,0.6584736040618219,-0.9985,0.9695,-0.4629523664255454,15.623004659052391,41.089,Smile 2,2024-10-16
True,12,-0.0209416666666666,0.5195968428476275,-0.8316,0.8652,0.2525336411721523,11.99301529033704,17.096,The Electric State,2025-03-07
False,0,,,,,,,,The Karate Kid,2010-06-10
True,13,-0.0506230769230769,0.7138311297324795,-0.9618,0.9004,0.8361015999132471,16.921455287229037,28.108,Nosferatu,2024-12-25
False,0,,,,,,,,"Planes, Trains and Automobiles",1987-11-26
True,46,0.3367760869565216,0.4741091367592498,-0.8873,0.9981,6.322716325916554,17.424645818781308,77.011,Dune: Part Two,2024-02-27
False,0,,,,,,,,The Lion King,1994-06-15
False,0,,,,,,,,Pride & Prejudice,2005-09-16
False,0,,,,,,,,It's a Wonderful Life,1946-12-20
False,0,,,,,,,,I Still Know What You Did Last Summer,1998-11-13
False,0,,,,,,,,Harry Potter and the Goblet of Fire,2005-11-16
False,0,,,,,,,,Gladiator,2000-05-04
True,143,0.1142741258741258,0.5623155872641091,-0.973,0.9854,1.0037922494279692,19.146659946887933,173.874,Kingsman: The Golden Circle,2017-09-20
True,46,0.2433195652173912,0.5292641600740989,-0.9348,0.9997,4.453994162403257,19.9329474879988,74.563,Captain Marvel,2019-03-06
False,0,,,,,,,,Se7en,1995-09-22
True,11,0.0694999999999999,0.5273810007954401,-0.8779,0.8458,0.8917767163104517,10.85273016770331,11.831,The Girl on the Train,2016-10-05
True,12,-0.5633583333333333,0.4901116802293353,-0.9802,0.457,-7.0426665012384975,6.224943602828538,16.898,Kung Fu Panda 4,2024-03-02
True,13,0.0070384615384615,0.6710415011107865,-0.8126,0.9598,1.440578562447147,16.63666510011169,27.701,Wicked,2024-11-20
True,24,0.31205,0.5394771643298105,-0.6486,0.9923,4.550341838034181,14.450117164575175,34.587,Transformers One,2024-09-11
False,0,,,,,,,,Harry Potter and the Prisoner of Azkaban,2004-05-31
False,0,,,,,,,,The Breakfast Club,1985-02-15
True,52,-0.0315326923076923,0.5547155462040376,-0.9769,0.998,-1.0768910785569252,14.850329344053478,71.288,Black Widow,2021-07-07
False,0,,,,,,,,A Nightmare on Elm Street,1984-11-09
True,60,0.2212516666666667,0.6123451661417947,-0.9716,0.9851,1.9810433520734791,12.89862607008573,56.723,Bone Tomahawk,2015-10-23
True,67,0.3479701492537313,0.4401530904009763,-0.8126,0.9991,5.772958586663429,17.646063318953466,100.615,Spider-Man: Across the Spider-Verse,2023-05-31
False,0,,,,,,,,G.I. Jane,1997-08-19
True,20,-0.1081699999999999,0.3114669133310953,-0.7877,0.3612,-0.4876797482072329,2.463613468227568,16.223,Underworld: Blood Wars,2016-11-24
False,0,,,,,,,,The Return of the Living Dead,1985-04-25
True,11,0.0132181818181818,0.6699438779998079,-0.9104,0.99,0.1944354681354186,14.562601430500058,13.71,Good Time,2017-08-11
False,0,,,,,,,,Amadeus,1984-09-19
True,19,0.4448736842105263,0.5169016977114246,-0.5401,0.9818,3.746552150725742,12.4914517680221,20.255,Angel Has Fallen,2019-08-21
False,0,,,,,,,,Brooklyn,2015-10-20
True,12,0.0456666666666666,0.5515190950658211,-0.7494,0.8977,0.8674009241455999,13.544143036097571,19.612,65,2023-03-02
True,12,0.0456666666666666,0.5515190950658211,-0.7494,0.8977,0.8664999787774962,13.5292636899325,19.586,65,2023-03-02
True,7,0.4815,0.5411492268443944,-0.8063,0.8922,3.3333196060342627,5.540392187868664,7.439,Colossal,2017-04-06
False,0,,,,,,,,The Blair Witch Project,1999-07-14
True,122,0.2027704918032787,0.6156244946991052,-0.9425,0.9984,2.47163724162587,18.486652986956997,141.384,Captain America: Brave New World,2025-02-12
True,12,0.36925,0.5604340066710204,-0.9343,0.9953,5.965573356986679,16.079986898331324,19.838,Conclave,2024-10-25
True,45,0.1327177777777777,0.5231876367418349,-0.9199,0.9993,1.3915024582154667,15.677805860594905,46.734,Moana 2,2024-11-21
True,146,0.0984657534246575,0.5343097652724759,-0.9244,0.9985,1.5024591261179907,15.442366188091768,137.73,Mufasa: The Lion King,2024-12-18
True,34,0.2283176470588235,0.5948223029119895,-0.9244,0.9897,3.895350041046552,16.18303003229303,45.46,Sonic the Hedgehog 3,2024-12-19
False,0,,,,,,,,The Passion of the Christ,2004-02-25
True,97,0.2021092783505154,0.4918271976905496,-0.9568,0.9973,2.8136228816637536,15.131723377054383,113.381,Mickey 17,2025-02-28
False,0,,,,,,,,The Passion of the Christ,2004-02-25
True,22,0.1308818181818181,0.5968717843407817,-0.8892,0.9485,1.8266859036855168,13.28749975846789,26.764,The Gorge,2025-02-13
True,149,0.0571805369127516,0.5600254441340715,-0.9974,0.9987,1.0424307572475748,21.747826065615392,230.672,Avengers: Infinity War,2018-04-25
True,121,0.1414214876033057,0.5073116319728704,-0.8834,0.9934,1.3496532644243682,14.609104696634663,96.528,Gladiator II,2024-11-13
False,0,,,,,,,,My Fault,2023-06-08
False,0,,,,,,,,Pulp Fiction,1994-09-10
True,44,0.0968772727272727,0.4819783425272232,-0.9952,0.9174,1.5217520810452152,14.386290682427088,58.86,Venom: The Last Dance,2024-10-22
True,44,0.3411181818181819,0.5695073458193044,-0.8591,0.9965,5.790918924337404,16.75930981235545,64.374,Deadpool & Wolverine,2024-07-24
True,12,0.0471416666666666,0.7159231574900728,-0.9836,0.9972,0.7292674489551402,12.444811546823106,15.564,Despicable Me 4,2024-06-20
True,12,-0.1652333333333333,0.6118187072618453,-0.9215,0.9717,-1.832348919999663,15.031685669026132,19.51,Kraven the Hunter,2024-12-11
False,0,,,,,,,,"The Good, the Bad and the Ugly",1966-12-22
False,0,,,,,,,,Flow,2024-08-29
True,12,0.5310166666666667,0.2307302387108277,0.0,0.9044,8.094321526132871,14.467680269780825,19.354,Companion,2025-01-22
True,232,0.3080831896551724,0.5381890371983767,-0.9894,0.9977,3.900925792851333,18.909926754251604,270.512,Spider-Man: Homecoming,2017-07-05
False,0,,,,,,,,The Wild Robot,2024-09-12
False,0,,,,,,,,Your Fault,2024-12-26
True,13,0.1300846153846153,0.5425813428505143,-0.8689,0.9118,2.379080447074383,16.675650269854827,24.417,The Substance,2024-09-07
True,162,0.1801518518518518,0.5216909653815831,-0.9333,0.9972,1.9252222845310043,17.71319751135088,172.308,Batman v Superman: Dawn of Justice,2016-03-23
True,11,0.1756727272727272,0.5730692820100123,-0.9471,0.8919,3.097464180546854,15.725994270817186,16.632,The Lion King,2019-07-12
False,0,,,,,,,,GoodFellas,1990-09-12
True,281,0.2899469750889679,0.4823198493547588,-0.9983,0.9979,4.080867104849413,20.183884326747865,347.905,Blade Runner 2049,2017-10-04
True,86,0.1288953488372093,0.565417738122017,-0.9715,0.9652,2.030388350100753,19.8801674922351,117.328,Black Panther,2018-02-13
True,12,0.3532,0.6435263682761311,-0.9882,0.9837,6.04527088301037,16.836729806391,21.372,Inside Out 2,2024-06-11
True,32,0.387040625,0.48995448440351,-0.9489,0.9927,2.604911215507702,16.6707622695498,23.614,Beauty and the Beast,2017-03-16
False,0,,,,,,,,Star Wars,1977-05-25
True,180,0.10003,0.4675652005513954,-0.9771,0.9998,1.755233192910601,16.28905746915946,318.941,Avengers: Endgame,2019-04-24
False,0,,,,,,,,xXx,2002-08-09
True,22,0.112140909090909,0.5499900508679398,-0.9215,0.9974,1.6255457499815895,14.392606893721444,26.543,Red One,2024-10-31
True,118,0.1962177966101694,0.5684504855427508,-0.9755,0.9912,1.756412561627776,15.965676265805198,109.492,Interstellar,2014-11-05
True,66,-0.149519696969697,0.5350570488472424,-0.9972,0.9339,-3.257437434103762,19.540264044126143,112.96,Star Wars: The Last Jedi,2017-12-13
False,0,,,,,,,,Titanic,1997-11-18
True,45,0.2606622222222222,0.5024360842884016,-0.7269,0.9673,3.328336886046604,15.16175621403905,53.331,Guardians of the Galaxy Vol. 2,2017-04-19
False,0,,,,,,,,Anora,2024-10-14
False,0,,,,,,,,The Terminator,1984-10-26
True,86,0.0479360465116279,0.6321561914945032,-0.9684,0.972,0.4353710143185154,16.85891897185237,111.338,Jurassic World: Fallen Kingdom,2018-06-06
True,11,0.5671454545454546,0.354293692663526,0.0,0.982,7.399664322472086,12.812357582044603,12.047,The Maze Runner,2014-09-10
True,3,0.2857666666666666,0.4041350956741514,0.0,0.8573,0.7962300519293607,2.388690155788082,1.786,Thor: Ragnarok,2017-10-02
False,0,,,,,,,,"The Chronicles of Narnia: The Lion, the Witch and the Wardrobe",2005-12-07
True,202,0.2501277227722772,0.5392845570650745,-0.9826,0.9972,3.3246705870500244,17.22359422824059,223.535,Kong: Skull Island,2017-03-08
False,0,,,,,,,,Ben-Hur,1959-11-18
True,112,0.2314883928571428,0.5455173117826417,-0.9966,0.9967,3.503998599143332,19.40838919954169,152.526,Wonder Woman,2017-05-30
True,138,0.1003507246376811,0.5317334927217615,-0.9721,0.9991,0.5409749745303563,18.19019524811776,145.457,Dark Phoenix,2019-06-05
False,0,,,,,,,,Alien,1979-05-25
True,135,-0.0105533333333333,0.5116584927034394,-0.9999,0.9209,-0.3539145244964947,15.948845636298534,140.094,Transformers: The Last Knight,2017-06-16
False,0,,,,,,,,Harry Potter and the Philosopher's Stone,2001-11-16
True,17,0.4413176470588235,0.5809217049961554,-0.7579,0.9829,5.616962554333182,15.17411750244426,19.627,The Accountant,2016-10-13
False,0,,,,,,,,365 Days: This Day,2022-04-26
True,90,0.1649144444444444,0.5214558416504297,-0.8126,0.9996,2.1653900282968874,20.145102643974447,127.743,Avatar: The Way of Water,2022-12-14
True,90,0.1649144444444444,0.5214558416504297,-0.8126,0.9996,2.161616526499472,20.144913273857146,127.674,Avatar: The Way of Water,2022-12-14
False,0,,,,,,,,True Romance,1993-09-09
True,19,0.0669947368421052,0.4732083623339992,-0.7351,0.7783,0.9055203152112172,11.206226360412542,20.631,The Avengers,2012-04-25
False,0,,,,,,,,Apocalypse Z: The Beginning of the End,2024-10-04
True,46,-0.241195652173913,0.5824597171951117,-0.9668,0.9862,-2.210856764594189,10.552928808304864,46.067,Bad Boys: Ride or Die,2024-06-05
False,0,,,,,,,,Scream 2,1997-12-12
False,0,,,,,,,,Schindler's List,1993-12-15
False,0,,,,,,,,The Green Mile,1999-12-10
False,0,,,,,,,,Shrek,2001-05-18
False,0,,,,,,,,The Disaster Artist,2017-03-12
False,0,,,,,,,,The Godfather,1972-03-14
True,47,0.2546617021276596,0.505784792580415,-0.8858,0.9997,4.163607260526995,21.27932385128178,87.042,Spider-Man: No Way Home,2021-12-15
False,0,,,,,,,,The Ten Commandments,1956-10-05
True,27,0.2125851851851851,0.55867478826217,-0.8834,0.9977,2.327800760373868,17.717735812152178,39.388,Dunkirk,2017-07-19
True,11,-0.0396454545454545,0.5778605153552296,-0.7783,0.8108,-0.4298944729843697,8.791889075104324,9.843,Back in Action,2025-01-15
False,0,,,,,,,,The Matrix,1999-03-31
False,0,,,,,,,,The Shawshank Redemption,1994-09-23
True,94,0.2485159574468085,0.4672921516119502,-0.8402,0.9735,4.000615706951013,17.846728459249785,143.048,Alien: Romulus,2024-08-13
True,22,-0.2595409090909091,0.5789306267586588,-0.9979,0.7783,-3.957275768314628,11.310194470973702,27.832,Baywatch,2017-05-25
True,67,0.1863119402985074,0.5880631582291009,-0.9332,0.9907,2.3301700992725127,16.47673374879153,95.185,John Wick: Chapter 4,2023-03-22
False,0,,,,,,,,Fight Club,1999-10-15
True,41,-0.0127243902439024,0.6439698920323375,-0.9684,0.9973,-0.1679757252982113,12.696498175520468,44.025,Spectre,2015-10-26
True,76,0.0005565789473684,0.5505238255123184,-0.9805,0.9081,0.1066509790027665,15.259446677174704,64.905,Fast X,2023-05-17
False,0,,,,,,,,The Social Network,2010-10-01
True,27,-0.0715222222222222,0.4277185907106519,-0.9584,0.765,-1.3851936658473205,13.14919689805418,35.872,The Revenant,2015-12-25
True,36,0.2644305555555555,0.526334641553918,-0.836,0.9991,2.7190943070247755,17.180734144053186,48.327,Glass,2019-01-16
True,37,0.0792243243243243,0.6584736040618219,-0.9985,0.9695,-0.4738626303739467,15.620116937305651,41.167,Smile 2,2024-10-16
True,12,-0.0209416666666666,0.5195968428476275,-0.8316,0.8652,0.2469112187842257,11.98414136639239,17.168,The Electric State,2025-03-07
False,0,,,,,,,,The Karate Kid,2010-06-10
True,13,-0.0506230769230769,0.7138311297324795,-0.9618,0.9004,0.833028098170084,16.922327063963266,28.154,Nosferatu,2024-12-25
False,0,,,,,,,,"Planes, Trains and Automobiles",1987-11-26
True,46,0.3367760869565216,0.4741091367592498,-0.8873,0.9981,6.323803101802094,17.42428992646162,76.952,Dune: Part Two,2024-02-27
False,0,,,,,,,,The Lion King,1994-06-15
False,0,,,,,,,,Pride & Prejudice,2005-09-16
False,0,,,,,,,,It's a Wonderful Life,1946-12-20
False,0,,,,,,,,I Still Know What You Did Last Summer,1998-11-13
False,0,,,,,,,,Harry Potter and the Goblet of Fire,2005-11-16
False,0,,,,,,,,Gladiator,2000-05-04
True,143,0.1142741258741258,0.5623155872641091,-0.973,0.9854,0.99747537862378,19.14662455421017,173.688,Kingsman: The Golden Circle,2017-09-20
True,46,0.2433195652173912,0.5292641600740989,-0.9348,0.9997,4.453916553052032,19.9329474879988,74.558,Captain Marvel,2019-03-06
False,0,,,,,,,,Se7en,1995-09-22
True,11,0.0694999999999999,0.5273810007954401,-0.8779,0.8458,0.8901413467404431,10.832828072993768,11.808,The Girl on the Train,2016-10-05
True,12,-0.5633583333333333,0.4901116802293353,-0.9802,0.457,-7.060489725785906,6.234944001869563,17.014,Kung Fu Panda 4,2024-03-02
True,13,0.0070384615384615,0.6710415011107865,-0.8126,0.9598,1.441881188877418,16.632408773845953,27.666,Wicked,2024-11-20
True,24,0.31205,0.5394771643298105,-0.6486,0.9923,4.550841961135902,14.450117164575175,34.599,Transformers One,2024-09-11
False,0,,,,,,,,Harry Potter and the Prisoner of Azkaban,2004-05-31
False,0,,,,,,,,The Breakfast Club,1985-02-15
True,175,0.1135114285714285,0.4902402979131348,-0.9769,0.998,0.7345622896124769,14.864715178727655,180.366,Black Widow,2021-07-07
False,0,,,,,,,,A Nightmare on Elm Street,1984-11-09
True,60,0.2212516666666667,0.6123451661417947,-0.9716,0.9851,1.9843232329772864,12.912151683024735,56.977,Bone Tomahawk,2015-10-23
True,67,0.3479701492537313,0.4401530904009763,-0.8126,0.9991,5.772949592213153,17.645457879106473,100.605,Spider-Man: Across the Spider-Verse,2023-05-31
False,0,,,,,,,,G.I. Jane,1997-08-19
True,20,-0.1081699999999999,0.3114669133310953,-0.7877,0.3612,-0.4944457110927726,2.512434395462555,16.533,Underworld: Blood Wars,2016-11-24
False,0,,,,,,,,The Return of the Living Dead,1985-04-25
True,11,0.0132181818181818,0.6699438779998079,-0.9104,0.99,0.1945409609684483,14.570502509947762,13.718,Good Time,2017-08-11
False,0,,,,,,,,Amadeus,1984-09-19
True,19,0.4448736842105263,0.5169016977114246,-0.5401,0.9818,3.752001031282708,12.51589618420431,20.267,Angel Has Fallen,2019-08-21
False,0,,,,,,,,Brooklyn,2015-10-20
True,12,0.0456666666666666,0.5515190950658211,-0.7494,0.8977,0.8683741126592456,13.54904851278516,19.588,65,2023-03-02
True,12,0.0456666666666666,0.5515190950658211,-0.7494,0.8977,0.8679656028386544,13.54904851278516,19.608,65,2023-03-02
True,7,0.4815,0.5411492268443944,-0.8063,0.8922,3.368389319551265,5.661115930290082,7.971,Colossal,2017-04-06
False,0,,,,,,,,The Blair Witch Project,1999-07-14
